item,views,likes,ctr
0,19008,2685,0.141256317
1,9514,1352,0.142106369
2,6449,942,0.146069154
3,4742,698,0.14719528
4,3746,531,0.1417512
5,3143,450,0.143175304
6,2688,347,0.129092261
7,2417,370,0.153082326
8,2117,279,0.131790265
9,1863,277,0.148684919
10,1724,245,0.142111376
11,1555,237,0.15241158
12,1413,205,0.145081386
13,1312,206,0.157012194
14,1316,211,0.160334349
15,1241,182,0.146655917
16,1169,159,0.136013687
17,1026,150,0.146198824
18,1002,140,0.139720559
19,904,106,0.117256634
20,971,141,0.145211115
21,838,114,0.136038184
22,852,118,0.138497651
23,740,98,0.132432431
24,767,111,0.14471969
25,745,100,0.134228185
26,672,104,0.15476191
27,687,114,0.165938869
28,678,91,0.13421829
29,618,100,0.161812291
30,615,101,0.16422765
31,550,79,0.143636361
32,552,92,0.166666672
33,591,77,0.130287647
34,571,90,0.15761821
35,544,77,0.141544119
36,537,71,0.132216021
37,493,63,0.12778905
38,480,73,0.152083337
39,454,61,0.134361237
40,484,68,0.140495867
41,457,67,0.146608308
42,447,77,0.17225951
43,443,55,0.124153502
44,421,71,0.168646082
45,423,52,0.122931443
46,411,47,0.114355229
47,401,59,0.147132173
48,369,53,0.143631443
49,379,50,0.131926119
50,362,50,0.138121545
51,389,60,0.154241651
52,370,49,0.132432431
53,390,70,0.179487184
54,355,53,0.149295777
55,379,42,0.110817939
56,319,48,0.150470212
57,313,37,0.11821086
58,352,49,0.139204547
59,315,38,0.120634921
60,307,42,0.136807814
61,308,45,0.146103889
62,292,46,0.157534242
63,289,40,0.138408303
64,308,40,0.129870132
65,297,30,0.101010099
66,296,39,0.131756753
67,256,33,0.12890625
68,292,45,0.154109582
69,275,45,0.163636357
70,276,32,0.115942031
71,273,35,0.128205135
72,252,32,0.126984134
73,198,24,0.121212125
74,242,37,0.15289256
75,235,43,0.182978719
76,232,25,0.107758619
77,250,34,0.136000007
78,249,46,0.184738949
79,227,29,0.127753302
80,220,30,0.13636364
81,214,37,0.17289719
82,229,38,0.165938869
83,215,32,0.148837209
84,218,38,0.174311921
85,254,36,0.14173229
86,200,27,0.135000005
87,201,22,0.109452739
88,187,22,0.117647059
89,201,17,0.0845771134
90,200,31,0.155000001
91,219,47,0.214611873
92,221,27,0.122171946
93,208,34,0.163461536
94,213,34,0.159624413
95,204,24,0.117647059
96,191,42,0.219895288
97,185,30,0.162162155
98,177,26,0.146892652
99,152,18,0.118421055
100,181,22,0.121546961
101,173,27,0.156069368
102,192,33,0.171875
103,182,25,0.137362644
104,164,26,0.158536583
105,172,14,0.0813953504
106,166,18,0.108433738
107,183,36,0.196721315
108,195,24,0.123076923
109,162,19,0.117283948
110,167,26,0.155688629
111,174,20,0.114942528
112,192,35,0.182291672
113,150,20,0.13333334
114,139,15,0.107913665
115,150,25,0.166666672
116,171,30,0.175438598
117,167,23,0.137724549
118,167,24,0.14371258
119,152,22,0.144736841
120,138,21,0.152173907
121,173,23,0.132947981
122,156,21,0.134615391
123,148,17,0.114864863
124,154,22,0.142857149
125,166,23,0.138554215
126,160,23,0.143749997
127,137,21,0.153284669
128,157,18,0.114649683
129,139,19,0.136690646
130,143,21,0.146853149
131,184,30,0.163043484
132,135,20,0.148148149
133,146,18,0.12328767
134,140,24,0.171428576
135,144,21,0.145833328
136,119,14,0.117647059
137,138,23,0.166666672
138,135,17,0.125925928
139,129,13,0.100775197
140,123,19,0.154471546
141,129,18,0.139534891
142,124,15,0.120967738
143,126,23,0.182539687
144,147,26,0.176870748
145,133,19,0.142857149
146,127,22,0.173228353
147,110,21,0.190909088
148,148,16,0.108108111
149,143,18,0.125874132
150,139,10,0.0719424486
151,141,18,0.127659574
152,123,13,0.10569106
153,122,25,0.204918027
154,108,17,0.157407403
155,135,23,0.17037037
156,115,26,0.226086959
157,118,18,0.152542368
158,113,15,0.132743359
159,128,19,0.1484375
160,116,20,0.172413796
161,98,10,0.10204082
162,107,16,0.149532706
163,116,13,0.112068966
164,113,23,0.203539819
165,111,19,0.171171173
166,114,12,0.105263159
167,98,15,0.153061226
168,120,10,0.0833333358
169,96,9,0.09375
170,114,17,0.149122804
171,98,9,0.0918367356
172,122,16,0.131147534
173,102,12,0.117647059
174,105,19,0.180952385
175,125,22,0.175999999
176,126,23,0.182539687
177,121,17,0.140495867
178,117,22,0.188034192
179,95,12,0.126315787
180,81,13,0.160493821
181,113,14,0.123893805
182,109,18,0.165137619
183,108,15,0.138888896
184,89,6,0.0674157292
185,101,14,0.138613865
186,111,17,0.153153151
187,110,9,0.0818181783
188,116,14,0.120689653
189,106,18,0.169811323
190,98,9,0.0918367356
191,95,12,0.126315787
192,106,15,0.141509429
193,102,14,0.137254909
194,93,18,0.193548381
195,94,15,0.159574464
196,82,7,0.0853658542
197,109,15,0.137614682
198,95,10,0.105263159
199,84,9,0.107142858
200,95,14,0.147368416
201,90,13,0.144444451
202,96,18,0.1875
203,96,25,0.260416657
204,83,12,0.144578308
205,83,7,0.0843373463
206,81,15,0.185185179
207,98,14,0.142857149
208,94,17,0.180851057
209,87,13,0.149425283
210,87,13,0.149425283
211,78,17,0.21794872
212,88,14,0.159090906
213,93,16,0.172043011
214,102,11,0.107843138
215,72,6,0.0833333358
216,88,13,0.147727266
217,80,10,0.125
218,97,14,0.144329891
219,70,11,0.157142863
220,80,8,0.100000001
221,91,12,0.131868139
222,87,7,0.0804597735
223,92,14,0.152173907
224,89,9,0.101123594
225,93,7,0.0752688199
226,94,12,0.127659574
227,106,12,0.113207549
228,80,9,0.112499997
229,68,13,0.191176474
230,95,15,0.157894731
231,64,9,0.140625
232,81,10,0.123456791
233,78,10,0.128205135
234,75,7,0.0933333337
235,92,16,0.173913047
236,61,13,0.213114753
237,84,8,0.095238097
238,91,12,0.131868139
239,88,12,0.13636364
240,95,15,0.157894731
241,72,4,0.055555556
242,73,8,0.10958904
243,83,10,0.120481931
244,83,14,0.168674693
245,80,11,0.137500003
246,67,8,0.119402982
247,73,8,0.10958904
248,84,12,0.142857149
249,68,12,0.176470593
250,79,13,0.164556965
251,81,12,0.148148149
252,64,8,0.125
253,79,17,0.215189874
254,89,15,0.16853933
255,65,15,0.230769232
256,59,11,0.186440676
257,83,12,0.144578308
258,66,10,0.151515156
259,78,8,0.102564104
260,77,8,0.103896104
261,80,10,0.125
262,81,9,0.111111112
263,74,9,0.121621624
264,80,7,0.0874999985
265,65,10,0.15384616
266,81,7,0.0864197537
267,69,12,0.173913047
268,76,11,0.144736841
269,73,18,0.246575341
270,72,8,0.111111112
271,61,10,0.163934425
272,65,10,0.15384616
273,73,13,0.178082198
274,63,9,0.142857149
275,65,9,0.138461545
276,71,12,0.169014081
277,80,15,0.1875
278,74,9,0.121621624
279,77,12,0.155844152
280,58,10,0.172413796
281,68,5,0.0735294148
282,56,6,0.107142858
283,71,9,0.126760557
284,70,11,0.157142863
285,51,9,0.176470593
286,71,5,0.0704225376
287,70,7,0.100000001
288,68,10,0.14705883
289,60,11,0.183333337
290,53,7,0.132075474
291,76,8,0.105263159
292,66,7,0.106060609
293,70,3,0.042857144
294,61,8,0.131147534
295,70,8,0.114285715
296,59,10,0.169491529
297,75,11,0.146666661
298,60,8,0.13333334
299,76,10,0.131578952
300,65,11,0.169230774
301,63,11,0.174603179
302,84,11,0.130952388
303,57,10,0.175438598
304,65,10,0.15384616
305,66,8,0.121212125
306,54,8,0.148148149
307,48,7,0.145833328
308,60,9,0.150000006
309,56,10,0.178571433
310,63,7,0.111111112
311,65,8,0.123076923
312,48,6,0.125
313,65,15,0.230769232
314,62,9,0.145161286
315,66,10,0.151515156
316,60,16,0.266666681
317,58,10,0.172413796
318,61,6,0.0983606577
319,52,6,0.115384616
320,63,9,0.142857149
321,63,6,0.095238097
322,59,4,0.0677966103
323,57,5,0.0877192989
324,56,9,0.160714284
325,63,10,0.158730164
326,50,9,0.180000007
327,51,6,0.117647059
328,60,10,0.166666672
329,50,7,0.140000001
330,70,6,0.0857142881
331,46,7,0.152173907
332,57,7,0.122807018
333,57,3,0.0526315793
334,70,8,0.114285715
335,71,9,0.126760557
336,46,9,0.195652172
337,57,3,0.0526315793
338,61,8,0.131147534
339,50,8,0.159999996
340,38,5,0.131578952
341,52,10,0.192307696
342,47,1,0.0212765951
343,51,6,0.117647059
344,70,9,0.128571436
345,49,4,0.0816326514
346,64,14,0.21875
347,64,6,0.09375
348,49,8,0.163265303
349,58,8,0.137931034
350,57,12,0.210526317
351,41,8,0.195121944
352,58,5,0.0862068981
353,49,7,0.142857149
354,57,8,0.140350878
355,60,9,0.150000006
356,51,12,0.235294119
357,61,9,0.147540987
358,56,7,0.125
359,46,10,0.217391297
360,57,8,0.140350878
361,46,4,0.0869565234
362,53,4,0.0754716992
363,52,9,0.173076928
364,44,5,0.113636367
365,39,9,0.230769232
366,40,10,0.25
367,62,8,0.129032254
368,52,7,0.134615391
369,58,10,0.172413796
370,55,5,0.0909090936
371,50,11,0.219999999
372,49,4,0.0816326514
373,48,4,0.0833333358
374,41,1,0.024390243
375,65,10,0.15384616
376,47,4,0.0851063803
377,48,4,0.0833333358
378,41,5,0.121951222
379,45,6,0.13333334
380,56,6,0.107142858
381,41,5,0.121951222
382,50,8,0.159999996
383,56,6,0.107142858
384,53,7,0.132075474
385,45,7,0.155555561
386,47,4,0.0851063803
387,41,8,0.195121944
388,48,7,0.145833328
389,55,9,0.163636357
390,41,3,0.073170729
391,55,10,0.181818187
392,58,5,0.0862068981
393,43,4,0.0930232555
394,56,10,0.178571433
395,40,6,0.150000006
396,38,4,0.105263159
397,45,7,0.155555561
398,46,10,0.217391297
399,42,3,0.0714285746
400,54,8,0.148148149
401,47,9,0.191489369
402,60,7,0.116666667
403,40,9,0.224999994
404,36,2,0.055555556
405,50,8,0.159999996
406,58,11,0.18965517
407,55,6,0.109090909
408,39,6,0.15384616
409,39,9,0.230769232
410,40,5,0.125
411,43,3,0.0697674453
412,55,8,0.145454541
413,36,6,0.166666672
414,40,6,0.150000006
415,30,7,0.233333334
416,51,14,0.274509817
417,42,8,0.190476194
418,47,9,0.191489369
419,38,2,0.0526315793
420,44,7,0.159090906
421,54,6,0.111111112
422,40,5,0.125
423,37,7,0.189189196
424,56,10,0.178571433
425,37,4,0.108108111
426,54,7,0.129629627
427,47,9,0.191489369
428,34,6,0.176470593
429,41,7,0.170731708
430,46,6,0.130434781
431,46,3,0.0652173907
432,58,7,0.120689653
433,45,4,0.088888891
434,57,9,0.157894731
435,45,5,0.111111112
436,41,10,0.243902445
437,36,6,0.166666672
438,40,3,0.075000003
439,42,3,0.0714285746
440,40,9,0.224999994
441,44,7,0.159090906
442,44,7,0.159090906
443,41,5,0.121951222
444,42,6,0.142857149
445,38,6,0.157894731
446,40,7,0.174999997
447,42,7,0.166666672
448,52,9,0.173076928
449,52,7,0.134615391
450,48,5,0.104166664
451,53,11,0.207547173
452,37,6,0.162162155
453,42,5,0.119047619
454,36,4,0.111111112
455,43,3,0.0697674453
456,30,3,0.100000001
457,35,2,0.0571428575
458,36,3,0.0833333358
459,45,10,0.222222224
460,39,9,0.230769232
461,27,5,0.185185179
462,52,8,0.15384616
463,37,4,0.108108111
464,40,5,0.125
465,36,7,0.194444448
466,31,5,0.161290318
467,33,1,0.0303030312
468,30,0,0
469,35,4,0.114285715
470,47,1,0.0212765951
471,46,9,0.195652172
472,37,3,0.0810810775
473,37,6,0.162162155
474,36,4,0.111111112
475,60,11,0.183333337
476,41,6,0.146341458
477,42,9,0.214285716
478,36,4,0.111111112
479,52,7,0.134615391
480,43,8,0.186046511
481,35,5,0.142857149
482,43,4,0.0930232555
483,38,11,0.289473683
484,51,8,0.156862751
485,36,2,0.055555556
486,43,5,0.116279073
487,32,7,0.21875
488,42,2,0.0476190485
489,27,4,0.148148149
490,32,7,0.21875
491,36,6,0.166666672
492,33,4,0.121212125
493,28,5,0.178571433
494,31,8,0.258064508
495,50,4,0.0799999982
496,35,5,0.142857149
497,43,7,0.162790701
498,42,12,0.285714298
499,33,5,0.151515156
500,36,5,0.138888896
501,51,12,0.235294119
502,48,8,0.166666672
503,37,4,0.108108111
504,36,5,0.138888896
505,30,1,0.0333333351
506,38,2,0.0526315793
507,33,7,0.212121218
508,41,9,0.219512194
509,42,7,0.166666672
510,30,4,0.13333334
511,40,2,0.0500000007
512,32,4,0.125
513,34,5,0.14705883
514,42,4,0.095238097
515,33,3,0.0909090936
516,33,4,0.121212125
517,43,5,0.116279073
518,41,6,0.146341458
519,40,8,0.200000003
520,40,6,0.150000006
521,29,4,0.137931034
522,30,2,0.0666666701
523,38,4,0.105263159
524,34,4,0.117647059
525,34,3,0.0882352963
526,43,5,0.116279073
527,37,7,0.189189196
528,32,3,0.09375
529,32,6,0.1875
530,34,4,0.117647059
531,35,4,0.114285715
532,46,5,0.108695649
533,39,3,0.0769230798
534,36,4,0.111111112
535,26,4,0.15384616
536,33,12,0.363636374
537,42,4,0.095238097
538,33,4,0.121212125
539,32,2,0.0625
540,46,7,0.152173907
541,30,7,0.233333334
542,25,1,0.0399999991
543,27,7,0.259259254
544,28,6,0.214285716
545,34,6,0.176470593
546,38,4,0.105263159
547,36,8,0.222222224
548,42,3,0.0714285746
549,37,2,0.0540540554
550,32,2,0.0625
551,54,7,0.129629627
552,42,6,0.142857149
553,39,5,0.128205135
554,40,8,0.200000003
555,35,3,0.0857142881
556,35,4,0.114285715
557,44,5,0.113636367
558,24,3,0.125
559,34,3,0.0882352963
560,32,5,0.15625
561,31,7,0.225806445
562,23,1,0.0434782617
563,37,6,0.162162155
564,41,4,0.097560972
565,35,6,0.171428576
566,34,6,0.176470593
567,40,5,0.125
568,41,7,0.170731708
569,25,4,0.159999996
570,38,6,0.157894731
571,28,3,0.107142858
572,27,4,0.148148149
573,30,6,0.200000003
574,36,7,0.194444448
575,37,6,0.162162155
576,43,2,0.0465116277
577,29,4,0.137931034
578,31,7,0.225806445
579,38,4,0.105263159
580,23,1,0.0434782617
581,22,2,0.0909090936
582,32,5,0.15625
583,39,5,0.128205135
584,41,4,0.097560972
585,28,4,0.142857149
586,32,5,0.15625
587,34,2,0.0588235296
588,34,3,0.0882352963
589,42,5,0.119047619
590,35,4,0.114285715
591,32,4,0.125
592,31,9,0.290322572
593,33,3,0.0909090936
594,28,5,0.178571433
595,31,9,0.290322572
596,33,6,0.181818187
597,30,9,0.300000012
598,39,8,0.205128208
599,31,5,0.161290318
600,22,5,0.227272734
601,19,3,0.157894731
602,24,4,0.166666672
603,38,5,0.131578952
604,44,9,0.204545453
605,29,3,0.103448279
606,37,6,0.162162155
607,25,3,0.119999997
608,29,7,0.241379306
609,34,3,0.0882352963
610,30,5,0.166666672
611,27,2,0.0740740746
612,27,8,0.296296299
613,28,0,0
614,31,6,0.193548381
615,34,3,0.0882352963
616,33,5,0.151515156
617,45,8,0.177777782
618,34,4,0.117647059
619,23,0,0
620,43,8,0.186046511
621,28,3,0.107142858
622,35,4,0.114285715
623,27,5,0.185185179
624,28,4,0.142857149
625,31,4,0.129032254
626,25,5,0.200000003
627,30,8,0.266666681
628,25,2,0.0799999982
629,33,8,0.24242425
630,30,4,0.13333334
631,33,5,0.151515156
632,35,5,0.142857149
633,26,7,0.269230783
634,30,6,0.200000003
635,32,5,0.15625
636,24,3,0.125
637,31,3,0.0967741907
638,22,2,0.0909090936
639,29,3,0.103448279
640,27,4,0.148148149
641,26,4,0.15384616
642,19,4,0.210526317
643,27,6,0.222222224
644,22,3,0.13636364
645,30,2,0.0666666701
646,27,4,0.148148149
647,27,3,0.111111112
648,50,8,0.159999996
649,29,2,0.068965517
650,29,1,0.0344827585
651,17,3,0.176470593
652,32,7,0.21875
653,31,0,0
654,20,2,0.100000001
655,23,5,0.217391297
656,32,1,0.03125
657,26,3,0.115384616
658,28,3,0.107142858
659,34,4,0.117647059
660,27,3,0.111111112
661,28,2,0.0714285746
662,30,3,0.100000001
663,32,5,0.15625
664,33,4,0.121212125
665,42,5,0.119047619
666,31,2,0.0645161271
667,25,5,0.200000003
668,31,3,0.0967741907
669,26,3,0.115384616
670,20,3,0.150000006
671,31,3,0.0967741907
672,30,2,0.0666666701
673,29,1,0.0344827585
674,17,3,0.176470593
675,31,6,0.193548381
676,17,1,0.0588235296
677,22,4,0.181818187
678,14,1,0.0714285746
679,26,5,0.192307696
680,34,3,0.0882352963
681,29,4,0.137931034
682,21,4,0.190476194
683,33,7,0.212121218
684,30,5,0.166666672
685,20,3,0.150000006
686,28,4,0.142857149
687,24,0,0
688,30,2,0.0666666701
689,18,5,0.277777791
690,20,3,0.150000006
691,23,1,0.0434782617
692,24,5,0.208333328
693,30,4,0.13333334
694,34,9,0.264705896
695,33,6,0.181818187
696,28,5,0.178571433
697,24,2,0.0833333358
698,29,2,0.068965517
699,29,6,0.206896558
700,26,5,0.192307696
701,19,3,0.157894731
702,22,3,0.13636364
703,24,6,0.25
704,26,5,0.192307696
705,31,2,0.0645161271
706,16,3,0.1875
707,28,2,0.0714285746
708,23,1,0.0434782617
709,37,5,0.135135129
710,31,8,0.258064508
711,29,5,0.172413796
712,25,1,0.0399999991
713,26,4,0.15384616
714,24,6,0.25
715,34,9,0.264705896
716,30,2,0.0666666701
717,23,3,0.130434781
718,36,2,0.055555556
719,23,3,0.130434781
720,35,5,0.142857149
721,37,8,0.216216221
722,20,5,0.25
723,24,4,0.166666672
724,24,5,0.208333328
725,22,3,0.13636364
726,28,3,0.107142858
727,25,4,0.159999996
728,25,3,0.119999997
729,15,3,0.200000003
730,26,2,0.0769230798
731,26,1,0.0384615399
732,24,9,0.375
733,29,1,0.0344827585
734,30,5,0.166666672
735,25,5,0.200000003
736,25,4,0.159999996
737,28,5,0.178571433
738,34,5,0.14705883
739,23,6,0.260869563
740,28,4,0.142857149
741,28,3,0.107142858
742,30,0,0
743,29,3,0.103448279
744,19,4,0.210526317
745,27,5,0.185185179
746,13,1,0.0769230798
747,26,1,0.0384615399
748,31,2,0.0645161271
749,25,4,0.159999996
750,29,3,0.103448279
751,22,5,0.227272734
752,23,1,0.0434782617
753,12,0,0
754,23,2,0.0869565234
755,23,0,0
756,27,2,0.0740740746
757,24,5,0.208333328
758,25,8,0.319999993
759,29,3,0.103448279
760,26,2,0.0769230798
761,23,3,0.130434781
762,26,5,0.192307696
763,24,1,0.0416666679
764,21,5,0.238095239
765,25,4,0.159999996
766,25,2,0.0799999982
767,23,4,0.173913047
768,17,3,0.176470593
769,24,4,0.166666672
770,26,3,0.115384616
771,35,6,0.171428576
772,27,4,0.148148149
773,21,2,0.095238097
774,21,0,0
775,30,3,0.100000001
776,23,2,0.0869565234
777,33,3,0.0909090936
778,23,4,0.173913047
779,29,4,0.137931034
780,24,4,0.166666672
781,18,1,0.055555556
782,17,2,0.117647059
783,19,5,0.263157904
784,21,3,0.142857149
785,19,4,0.210526317
786,30,4,0.13333334
787,20,2,0.100000001
788,24,5,0.208333328
789,27,6,0.222222224
790,26,4,0.15384616
791,17,3,0.176470593
792,34,3,0.0882352963
793,24,5,0.208333328
794,23,2,0.0869565234
795,19,3,0.157894731
796,20,5,0.25
797,19,3,0.157894731
798,29,4,0.137931034
799,24,0,0
800,25,3,0.119999997
801,26,1,0.0384615399
802,16,4,0.25
803,26,2,0.0769230798
804,16,5,0.3125
805,26,4,0.15384616
806,28,2,0.0714285746
807,20,2,0.100000001
808,29,1,0.0344827585
809,24,5,0.208333328
810,25,1,0.0399999991
811,16,1,0.0625
812,30,3,0.100000001
813,19,1,0.0526315793
814,23,3,0.130434781
815,18,3,0.166666672
816,26,6,0.230769232
817,19,5,0.263157904
818,28,4,0.142857149
819,26,4,0.15384616
820,23,2,0.0869565234
821,17,1,0.0588235296
822,20,0,0
823,23,3,0.130434781
824,16,1,0.0625
825,28,3,0.107142858
826,25,0,0
827,23,2,0.0869565234
828,24,0,0
829,22,4,0.181818187
830,25,5,0.200000003
831,17,1,0.0588235296
832,17,3,0.176470593
833,19,2,0.105263159
834,23,1,0.0434782617
835,16,3,0.1875
836,24,5,0.208333328
837,30,4,0.13333334
838,18,1,0.055555556
839,18,4,0.222222224
840,24,3,0.125
841,23,5,0.217391297
842,25,8,0.319999993
843,23,3,0.130434781
844,34,5,0.14705883
845,26,2,0.0769230798
846,20,5,0.25
847,17,2,0.117647059
848,29,2,0.068965517
849,23,2,0.0869565234
850,17,2,0.117647059
851,22,4,0.181818187
852,31,2,0.0645161271
853,19,3,0.157894731
854,17,2,0.117647059
855,28,3,0.107142858
856,19,0,0
857,34,6,0.176470593
858,32,3,0.09375
859,26,4,0.15384616
860,29,4,0.137931034
861,22,4,0.181818187
862,21,3,0.142857149
863,21,2,0.095238097
864,20,2,0.100000001
865,22,3,0.13636364
866,26,3,0.115384616
867,21,5,0.238095239
868,25,6,0.239999995
869,20,1,0.0500000007
870,22,3,0.13636364
871,19,1,0.0526315793
872,13,0,0
873,23,2,0.0869565234
874,19,2,0.105263159
875,30,1,0.0333333351
876,22,3,0.13636364
877,19,1,0.0526315793
878,24,2,0.0833333358
879,26,2,0.0769230798
880,30,3,0.100000001
881,19,2,0.105263159
882,29,6,0.206896558
883,15,3,0.200000003
884,23,4,0.173913047
885,20,4,0.200000003
886,20,4,0.200000003
887,21,5,0.238095239
888,20,2,0.100000001
889,14,0,0
890,24,3,0.125
891,28,5,0.178571433
892,19,2,0.105263159
893,25,3,0.119999997
894,16,4,0.25
895,27,4,0.148148149
896,19,6,0.315789461
897,18,1,0.055555556
898,26,3,0.115384616
899,15,2,0.13333334
900,25,4,0.159999996
901,18,2,0.111111112
902,11,0,0
903,31,4,0.129032254
904,22,6,0.272727281
905,21,7,0.333333343
906,28,4,0.142857149
907,20,1,0.0500000007
908,18,2,0.111111112
909,22,3,0.13636364
910,17,1,0.0588235296
911,20,0,0
912,23,3,0.130434781
913,22,5,0.227272734
914,16,3,0.1875
915,22,4,0.181818187
916,23,2,0.0869565234
917,16,3,0.1875
918,28,4,0.142857149
919,18,2,0.111111112
920,15,1,0.0666666701
921,13,0,0
922,22,4,0.181818187
923,26,4,0.15384616
924,21,1,0.0476190485
925,29,8,0.275862068
926,22,0,0
927,16,1,0.0625
928,25,3,0.119999997
929,16,7,0.4375
930,15,1,0.0666666701
931,15,1,0.0666666701
932,20,3,0.150000006
933,28,5,0.178571433
934,17,2,0.117647059
935,23,9,0.391304344
936,28,4,0.142857149
937,20,3,0.150000006
938,17,1,0.0588235296
939,25,3,0.119999997
940,17,2,0.117647059
941,19,2,0.105263159
942,16,2,0.125
943,24,4,0.166666672
944,17,3,0.176470593
945,23,2,0.0869565234
946,27,5,0.185185179
947,16,1,0.0625
948,12,2,0.166666672
949,19,5,0.263157904
950,22,1,0.0454545468
951,23,2,0.0869565234
952,11,0,0
953,30,5,0.166666672
954,21,4,0.190476194
955,20,3,0.150000006
956,20,4,0.200000003
957,21,1,0.0476190485
958,18,0,0
959,26,4,0.15384616
960,20,3,0.150000006
961,28,5,0.178571433
962,22,4,0.181818187
963,14,4,0.285714298
964,27,3,0.111111112
965,21,4,0.190476194
966,17,3,0.176470593
967,19,4,0.210526317
968,23,5,0.217391297
969,22,3,0.13636364
970,23,2,0.0869565234
971,27,5,0.185185179
972,18,0,0
973,17,0,0
974,11,2,0.181818187
975,15,3,0.200000003
976,17,3,0.176470593
977,14,2,0.142857149
978,21,3,0.142857149
979,16,3,0.1875
980,20,4,0.200000003
981,18,3,0.166666672
982,16,0,0
983,16,3,0.1875
984,19,3,0.157894731
985,18,1,0.055555556
986,18,2,0.111111112
987,15,3,0.200000003
988,18,4,0.222222224
989,18,2,0.111111112
990,19,2,0.105263159
991,19,4,0.210526317
992,15,4,0.266666681
993,25,4,0.159999996
994,20,1,0.0500000007
995,20,5,0.25
996,29,4,0.137931034
997,11,3,0.272727281
998,13,1,0.0769230798
999,19,1,0.0526315793
1000,18,0,0
1001,18,0,0
1002,11,2,0.181818187
1003,19,3,0.157894731
1004,21,2,0.095238097
1005,15,0,0
1006,20,4,0.200000003
1007,17,3,0.176470593
1008,21,3,0.142857149
1009,7,2,0.285714298
1010,27,6,0.222222224
1011,18,1,0.055555556
1012,14,2,0.142857149
1013,26,2,0.0769230798
1014,15,3,0.200000003
1015,18,1,0.055555556
1016,15,2,0.13333334
1017,24,1,0.0416666679
1018,14,2,0.142857149
1019,19,1,0.0526315793
1020,22,4,0.181818187
1021,23,5,0.217391297
1022,29,4,0.137931034
1023,21,2,0.095238097
1024,11,3,0.272727281
1025,20,5,0.25
1026,16,0,0
1027,23,4,0.173913047
1028,17,0,0
1029,16,2,0.125
1030,18,3,0.166666672
1031,23,3,0.130434781
1032,19,2,0.105263159
1033,15,2,0.13333334
1034,15,1,0.0666666701
1035,22,4,0.181818187
1036,13,3,0.230769232
1037,20,2,0.100000001
1038,12,1,0.0833333358
1039,6,2,0.333333343
1040,18,2,0.111111112
1041,17,3,0.176470593
1042,23,3,0.130434781
1043,17,2,0.117647059
1044,25,5,0.200000003
1045,12,1,0.0833333358
1046,16,2,0.125
1047,20,0,0
1048,16,1,0.0625
1049,18,1,0.055555556
1050,23,2,0.0869565234
1051,21,3,0.142857149
1052,21,6,0.285714298
1053,18,3,0.166666672
1054,21,4,0.190476194
1055,19,4,0.210526317
1056,18,2,0.111111112
1057,9,3,0.333333343
1058,16,1,0.0625
1059,13,3,0.230769232
1060,16,4,0.25
1061,19,4,0.210526317
1062,17,4,0.235294119
1063,13,2,0.15384616
1064,25,4,0.159999996
1065,15,2,0.13333334
1066,24,4,0.166666672
1067,14,4,0.285714298
1068,15,3,0.200000003
1069,23,2,0.0869565234
1070,24,5,0.208333328
1071,23,5,0.217391297
1072,15,5,0.333333343
1073,17,2,0.117647059
1074,16,0,0
1075,17,2,0.117647059
1076,27,2,0.0740740746
1077,16,5,0.3125
1078,15,0,0
1079,12,1,0.0833333358
1080,15,1,0.0666666701
1081,10,0,0
1082,23,3,0.130434781
1083,19,4,0.210526317
1084,18,2,0.111111112
1085,21,2,0.095238097
1086,17,5,0.294117659
1087,16,3,0.1875
1088,13,2,0.15384616
1089,22,4,0.181818187
1090,27,3,0.111111112
1091,18,2,0.111111112
1092,16,2,0.125
1093,17,1,0.0588235296
1094,19,4,0.210526317
1095,26,0,0
1096,19,4,0.210526317
1097,25,4,0.159999996
1098,20,3,0.150000006
1099,19,1,0.0526315793
1100,21,4,0.190476194
1101,18,2,0.111111112
1102,17,6,0.352941185
1103,19,2,0.105263159
1104,17,1,0.0588235296
1105,21,3,0.142857149
1106,12,1,0.0833333358
1107,14,2,0.142857149
1108,17,2,0.117647059
1109,10,3,0.300000012
1110,17,2,0.117647059
1111,10,3,0.300000012
1112,18,2,0.111111112
1113,12,4,0.333333343
1114,17,2,0.117647059
1115,21,1,0.0476190485
1116,26,4,0.15384616
1117,14,2,0.142857149
1118,19,0,0
1119,15,2,0.13333334
1120,14,2,0.142857149
1121,17,2,0.117647059
1122,16,2,0.125
1123,15,1,0.0666666701
1124,23,7,0.304347813
1125,11,2,0.181818187
1126,15,1,0.0666666701
1127,23,3,0.130434781
1128,14,2,0.142857149
1129,19,2,0.105263159
1130,17,3,0.176470593
1131,19,3,0.157894731
1132,20,1,0.0500000007
1133,20,3,0.150000006
1134,16,4,0.25
1135,13,2,0.15384616
1136,10,3,0.300000012
1137,19,2,0.105263159
1138,13,3,0.230769232
1139,12,1,0.0833333358
1140,20,5,0.25
1141,15,0,0
1142,15,1,0.0666666701
1143,19,1,0.0526315793
1144,12,1,0.0833333358
1145,21,4,0.190476194
1146,15,2,0.13333334
1147,16,4,0.25
1148,16,4,0.25
1149,18,3,0.166666672
1150,18,2,0.111111112
1151,9,1,0.111111112
1152,16,2,0.125
1153,12,1,0.0833333358
1154,18,2,0.111111112
1155,20,0,0
1156,15,1,0.0666666701
1157,20,1,0.0500000007
1158,19,1,0.0526315793
1159,14,1,0.0714285746
1160,19,3,0.157894731
1161,14,0,0
1162,14,1,0.0714285746
1163,17,3,0.176470593
1164,21,4,0.190476194
1165,17,1,0.0588235296
1166,14,0,0
1167,16,3,0.1875
1168,16,3,0.1875
1169,17,0,0
1170,20,2,0.100000001
1171,16,1,0.0625
1172,11,0,0
1173,12,0,0
1174,17,3,0.176470593
1175,14,1,0.0714285746
1176,15,2,0.13333334
1177,13,3,0.230769232
1178,19,1,0.0526315793
1179,10,1,0.100000001
1180,10,2,0.200000003
1181,19,2,0.105263159
1182,19,2,0.105263159
1183,11,2,0.181818187
1184,17,3,0.176470593
1185,17,1,0.0588235296
1186,18,3,0.166666672
1187,14,1,0.0714285746
1188,9,0,0
1189,14,2,0.142857149
1190,13,4,0.307692319
1191,12,1,0.0833333358
1192,17,2,0.117647059
1193,24,6,0.25
1194,16,3,0.1875
1195,10,2,0.200000003
1196,20,2,0.100000001
1197,19,1,0.0526315793
1198,13,3,0.230769232
1199,12,1,0.0833333358
1200,14,0,0
1201,17,2,0.117647059
1202,18,2,0.111111112
1203,20,0,0
1204,13,2,0.15384616
1205,12,2,0.166666672
1206,13,1,0.0769230798
1207,20,2,0.100000001
1208,16,3,0.1875
1209,13,3,0.230769232
1210,15,1,0.0666666701
1211,13,2,0.15384616
1212,9,1,0.111111112
1213,20,3,0.150000006
1214,15,4,0.266666681
1215,16,2,0.125
1216,15,1,0.0666666701
1217,16,0,0
1218,15,2,0.13333334
1219,9,3,0.333333343
1220,11,2,0.181818187
1221,21,5,0.238095239
1222,8,3,0.375
1223,12,1,0.0833333358
1224,15,3,0.200000003
1225,10,1,0.100000001
1226,16,2,0.125
1227,13,4,0.307692319
1228,17,1,0.0588235296
1229,13,2,0.15384616
1230,16,0,0
1231,13,4,0.307692319
1232,18,4,0.222222224
1233,17,2,0.117647059
1234,15,2,0.13333334
1235,18,4,0.222222224
1236,13,0,0
1237,15,2,0.13333334
1238,15,1,0.0666666701
1239,17,2,0.117647059
1240,9,2,0.222222224
1241,11,1,0.0909090936
1242,9,0,0
1243,16,1,0.0625
1244,15,2,0.13333334
1245,14,4,0.285714298
1246,14,0,0
1247,14,2,0.142857149
1248,25,4,0.159999996
1249,16,0,0
1250,18,1,0.055555556
1251,18,1,0.055555556
1252,13,2,0.15384616
1253,13,1,0.0769230798
1254,21,4,0.190476194
1255,14,2,0.142857149
1256,14,1,0.0714285746
1257,15,0,0
1258,15,2,0.13333334
1259,23,2,0.0869565234
1260,16,2,0.125
1261,19,4,0.210526317
1262,14,0,0
1263,16,3,0.1875
1264,16,5,0.3125
1265,11,1,0.0909090936
1266,15,1,0.0666666701
1267,12,1,0.0833333358
1268,14,2,0.142857149
1269,16,3,0.1875
1270,12,1,0.0833333358
1271,20,4,0.200000003
1272,20,5,0.25
1273,15,0,0
1274,15,3,0.200000003
1275,18,3,0.166666672
1276,15,1,0.0666666701
1277,18,2,0.111111112
1278,15,1,0.0666666701
1279,14,1,0.0714285746
1280,20,5,0.25
1281,12,1,0.0833333358
1282,16,5,0.3125
1283,15,2,0.13333334
1284,11,4,0.363636374
1285,14,4,0.285714298
1286,14,2,0.142857149
1287,18,1,0.055555556
1288,19,4,0.210526317
1289,12,1,0.0833333358
1290,12,3,0.25
1291,12,1,0.0833333358
1292,13,3,0.230769232
1293,19,5,0.263157904
1294,13,1,0.0769230798
1295,18,5,0.277777791
1296,16,2,0.125
1297,16,3,0.1875
1298,5,2,0.400000006
1299,17,3,0.176470593
1300,14,0,0
1301,14,3,0.214285716
1302,14,0,0
1303,20,3,0.150000006
1304,9,1,0.111111112
1305,18,4,0.222222224
1306,21,6,0.285714298
1307,15,4,0.266666681
1308,15,3,0.200000003
1309,15,1,0.0666666701
1310,11,1,0.0909090936
1311,15,1,0.0666666701
1312,14,1,0.0714285746
1313,17,3,0.176470593
1314,13,1,0.0769230798
1315,13,2,0.15384616
1316,14,2,0.142857149
1317,19,3,0.157894731
1318,12,0,0
1319,15,4,0.266666681
1320,19,3,0.157894731
1321,16,3,0.1875
1322,10,1,0.100000001
1323,14,4,0.285714298
1324,12,1,0.0833333358
1325,12,2,0.166666672
1326,16,2,0.125
1327,14,1,0.0714285746
1328,21,1,0.0476190485
1329,10,0,0
1330,17,2,0.117647059
1331,10,1,0.100000001
1332,15,0,0
1333,16,2,0.125
1334,15,0,0
1335,7,1,0.142857149
1336,21,2,0.095238097
1337,17,2,0.117647059
1338,19,3,0.157894731
1339,16,0,0
1340,17,2,0.117647059
1341,18,1,0.055555556
1342,12,3,0.25
1343,13,0,0
1344,15,3,0.200000003
1345,13,2,0.15384616
1346,19,3,0.157894731
1347,11,3,0.272727281
1348,10,1,0.100000001
1349,19,2,0.105263159
1350,18,3,0.166666672
1351,9,1,0.111111112
1352,12,3,0.25
1353,17,4,0.235294119
1354,13,2,0.15384616
1355,3,1,0.333333343
1356,17,1,0.0588235296
1357,12,1,0.0833333358
1358,14,4,0.285714298
1359,10,1,0.100000001
1360,5,1,0.200000003
1361,12,1,0.0833333358
1362,18,2,0.111111112
1363,15,4,0.266666681
1364,14,0,0
1365,13,1,0.0769230798
1366,25,5,0.200000003
1367,10,0,0
1368,18,5,0.277777791
1369,13,5,0.384615391
1370,10,1,0.100000001
1371,22,1,0.0454545468
1372,11,5,0.454545468
1373,7,1,0.142857149
1374,8,0,0
1375,20,3,0.150000006
1376,11,4,0.363636374
1377,15,6,0.400000006
1378,10,0,0
1379,12,1,0.0833333358
1380,15,2,0.13333334
1381,11,2,0.181818187
1382,12,2,0.166666672
1383,12,2,0.166666672
1384,13,2,0.15384616
1385,17,1,0.0588235296
1386,9,1,0.111111112
1387,8,0,0
1388,17,3,0.176470593
1389,15,0,0
1390,17,2,0.117647059
1391,11,4,0.363636374
1392,7,0,0
1393,10,2,0.200000003
1394,9,0,0
1395,9,1,0.111111112
1396,13,2,0.15384616
1397,11,1,0.0909090936
1398,12,0,0
1399,11,1,0.0909090936
1400,11,3,0.272727281
1401,11,2,0.181818187
1402,16,1,0.0625
1403,12,3,0.25
1404,9,2,0.222222224
1405,12,4,0.333333343
1406,19,2,0.105263159
1407,21,1,0.0476190485
1408,16,0,0
1409,10,1,0.100000001
1410,19,3,0.157894731
1411,8,2,0.25
1412,22,4,0.181818187
1413,19,6,0.315789461
1414,12,1,0.0833333358
1415,16,2,0.125
1416,10,6,0.600000024
1417,13,3,0.230769232
1418,10,1,0.100000001
1419,19,3,0.157894731
1420,9,1,0.111111112
1421,7,1,0.142857149
1422,19,5,0.263157904
1423,8,0,0
1424,18,5,0.277777791
1425,14,1,0.0714285746
1426,11,1,0.0909090936
1427,10,0,0
1428,19,2,0.105263159
1429,11,2,0.181818187
1430,11,0,0
1431,14,2,0.142857149
1432,18,1,0.055555556
1433,19,2,0.105263159
1434,14,3,0.214285716
1435,10,1,0.100000001
1436,13,1,0.0769230798
1437,15,1,0.0666666701
1438,18,4,0.222222224
1439,17,4,0.235294119
1440,12,1,0.0833333358
1441,11,2,0.181818187
1442,17,3,0.176470593
1443,8,2,0.25
1444,19,2,0.105263159
1445,13,1,0.0769230798
1446,12,1,0.0833333358
1447,14,1,0.0714285746
1448,11,2,0.181818187
1449,11,2,0.181818187
1450,9,0,0
1451,12,1,0.0833333358
1452,16,3,0.1875
1453,16,3,0.1875
1454,14,2,0.142857149
1455,12,4,0.333333343
1456,15,2,0.13333334
1457,13,1,0.0769230798
1458,12,2,0.166666672
1459,7,0,0
1460,18,2,0.111111112
1461,11,1,0.0909090936
1462,15,5,0.333333343
1463,10,2,0.200000003
1464,15,1,0.0666666701
1465,3,2,0.666666687
1466,14,2,0.142857149
1467,11,0,0
1468,7,0,0
1469,8,2,0.25
1470,12,2,0.166666672
1471,11,1,0.0909090936
1472,14,3,0.214285716
1473,13,4,0.307692319
1474,8,0,0
1475,10,1,0.100000001
1476,18,3,0.166666672
1477,9,0,0
1478,16,4,0.25
1479,17,3,0.176470593
1480,6,1,0.166666672
1481,15,3,0.200000003
1482,11,3,0.272727281
1483,8,1,0.125
1484,12,1,0.0833333358
1485,17,3,0.176470593
1486,16,4,0.25
1487,20,2,0.100000001
1488,8,1,0.125
1489,12,2,0.166666672
1490,11,1,0.0909090936
1491,14,3,0.214285716
1492,13,1,0.0769230798
1493,9,1,0.111111112
1494,5,1,0.200000003
1495,10,1,0.100000001
1496,12,2,0.166666672
1497,7,0,0
1498,10,0,0
1499,11,3,0.272727281
1500,17,4,0.235294119
1501,7,1,0.142857149
1502,17,1,0.0588235296
1503,18,4,0.222222224
1504,21,4,0.190476194
1505,16,1,0.0625
1506,13,1,0.0769230798
1507,10,0,0
1508,15,3,0.200000003
1509,8,2,0.25
1510,8,1,0.125
1511,9,1,0.111111112
1512,14,2,0.142857149
1513,15,2,0.13333334
1514,11,1,0.0909090936
1515,11,3,0.272727281
1516,9,0,0
1517,13,2,0.15384616
1518,13,1,0.0769230798
1519,10,2,0.200000003
1520,9,1,0.111111112
1521,14,2,0.142857149
1522,17,3,0.176470593
1523,10,0,0
1524,14,0,0
1525,7,1,0.142857149
1526,11,1,0.0909090936
1527,11,0,0
1528,15,2,0.13333334
1529,17,4,0.235294119
1530,8,1,0.125
1531,9,3,0.333333343
1532,11,3,0.272727281
1533,7,1,0.142857149
1534,11,3,0.272727281
1535,12,1,0.0833333358
1536,14,2,0.142857149
1537,8,2,0.25
1538,14,1,0.0714285746
1539,10,1,0.100000001
1540,9,0,0
1541,15,1,0.0666666701
1542,8,2,0.25
1543,9,4,0.444444448
1544,15,2,0.13333334
1545,10,4,0.400000006
1546,14,0,0
1547,7,1,0.142857149
1548,8,2,0.25
1549,14,3,0.214285716
1550,8,0,0
1551,9,1,0.111111112
1552,15,0,0
1553,7,1,0.142857149
1554,7,0,0
1555,15,4,0.266666681
1556,8,2,0.25
1557,11,1,0.0909090936
1558,7,1,0.142857149
1559,10,1,0.100000001
1560,10,2,0.200000003
1561,9,1,0.111111112
1562,16,1,0.0625
1563,10,0,0
1564,16,1,0.0625
1565,11,2,0.181818187
1566,11,1,0.0909090936
1567,14,1,0.0714285746
1568,15,4,0.266666681
1569,13,0,0
1570,6,4,0.666666687
1571,12,1,0.0833333358
1572,17,1,0.0588235296
1573,9,0,0
1574,11,0,0
1575,12,2,0.166666672
1576,15,3,0.200000003
1577,8,1,0.125
1578,13,1,0.0769230798
1579,14,1,0.0714285746
1580,15,3,0.200000003
1581,10,1,0.100000001
1582,14,2,0.142857149
1583,8,0,0
1584,13,0,0
1585,17,2,0.117647059
1586,12,1,0.0833333358
1587,6,2,0.333333343
1588,11,1,0.0909090936
1589,6,0,0
1590,9,0,0
1591,9,1,0.111111112
1592,11,4,0.363636374
1593,9,2,0.222222224
1594,16,2,0.125
1595,14,5,0.357142866
1596,14,4,0.285714298
1597,10,1,0.100000001
1598,12,1,0.0833333358
1599,11,0,0
1600,13,2,0.15384616
1601,11,4,0.363636374
1602,5,0,0
1603,10,1,0.100000001
1604,11,2,0.181818187
1605,15,4,0.266666681
1606,14,1,0.0714285746
1607,14,0,0
1608,12,2,0.166666672
1609,7,1,0.142857149
1610,15,2,0.13333334
1611,13,3,0.230769232
1612,13,1,0.0769230798
1613,10,1,0.100000001
1614,11,4,0.363636374
1615,11,1,0.0909090936
1616,14,1,0.0714285746
1617,16,2,0.125
1618,16,3,0.1875
1619,11,1,0.0909090936
1620,11,4,0.363636374
1621,12,3,0.25
1622,10,1,0.100000001
1623,19,2,0.105263159
1624,10,2,0.200000003
1625,10,0,0
1626,9,1,0.111111112
1627,13,2,0.15384616
1628,12,1,0.0833333358
1629,13,4,0.307692319
1630,8,1,0.125
1631,6,0,0
1632,10,0,0
1633,10,1,0.100000001
1634,12,1,0.0833333358
1635,16,1,0.0625
1636,13,4,0.307692319
1637,12,3,0.25
1638,12,2,0.166666672
1639,10,2,0.200000003
1640,12,2,0.166666672
1641,7,3,0.428571433
1642,9,1,0.111111112
1643,10,2,0.200000003
1644,7,1,0.142857149
1645,12,5,0.416666657
1646,11,0,0
1647,9,0,0
1648,8,1,0.125
1649,17,0,0
1650,20,3,0.150000006
1651,8,0,0
1652,13,0,0
1653,12,3,0.25
1654,11,2,0.181818187
1655,12,0,0
1656,4,0,0
1657,10,0,0
1658,13,1,0.0769230798
1659,8,3,0.375
1660,7,1,0.142857149
1661,10,0,0
1662,9,2,0.222222224
1663,11,1,0.0909090936
1664,11,1,0.0909090936
1665,12,1,0.0833333358
1666,10,1,0.100000001
1667,13,0,0
1668,9,3,0.333333343
1669,6,0,0
1670,7,4,0.571428597
1671,11,1,0.0909090936
1672,10,0,0
1673,9,0,0
1674,7,0,0
1675,11,0,0
1676,10,3,0.300000012
1677,10,0,0
1678,17,2,0.117647059
1679,8,2,0.25
1680,12,4,0.333333343
1681,12,1,0.0833333358
1682,14,0,0
1683,10,0,0
1684,8,4,0.5
1685,9,1,0.111111112
1686,11,1,0.0909090936
1687,9,0,0
1688,15,2,0.13333334
1689,12,1,0.0833333358
1690,14,3,0.214285716
1691,7,3,0.428571433
1692,11,0,0
1693,13,3,0.230769232
1694,17,2,0.117647059
1695,8,1,0.125
1696,7,0,0
1697,17,1,0.0588235296
1698,12,2,0.166666672
1699,10,1,0.100000001
1700,6,0,0
1701,12,4,0.333333343
1702,13,2,0.15384616
1703,9,0,0
1704,14,1,0.0714285746
1705,5,1,0.200000003
1706,13,1,0.0769230798
1707,9,1,0.111111112
1708,13,4,0.307692319
1709,9,3,0.333333343
1710,12,1,0.0833333358
1711,13,0,0
1712,12,3,0.25
1713,12,5,0.416666657
1714,12,4,0.333333343
1715,14,2,0.142857149
1716,9,3,0.333333343
1717,7,2,0.285714298
1718,5,1,0.200000003
1719,10,1,0.100000001
1720,18,4,0.222222224
1721,12,6,0.5
1722,15,3,0.200000003
1723,15,2,0.13333334
1724,11,4,0.363636374
1725,12,2,0.166666672
1726,5,0,0
1727,9,2,0.222222224
1728,12,0,0
1729,14,3,0.214285716
1730,14,1,0.0714285746
1731,10,2,0.200000003
1732,11,1,0.0909090936
1733,14,4,0.285714298
1734,17,4,0.235294119
1735,8,2,0.25
1736,10,3,0.300000012
1737,18,3,0.166666672
1738,19,2,0.105263159
1739,8,2,0.25
1740,7,1,0.142857149
1741,13,2,0.15384616
1742,16,6,0.375
1743,11,1,0.0909090936
1744,7,1,0.142857149
1745,11,0,0
1746,12,1,0.0833333358
1747,10,3,0.300000012
1748,12,4,0.333333343
1749,9,4,0.444444448
1750,14,0,0
1751,9,1,0.111111112
1752,13,1,0.0769230798
1753,5,0,0
1754,8,1,0.125
1755,9,2,0.222222224
1756,10,1,0.100000001
1757,8,1,0.125
1758,9,3,0.333333343
1759,12,5,0.416666657
1760,7,1,0.142857149
1761,12,0,0
1762,11,0,0
1763,11,2,0.181818187
1764,14,2,0.142857149
1765,11,3,0.272727281
1766,12,3,0.25
1767,13,3,0.230769232
1768,9,2,0.222222224
1769,4,0,0
1770,11,1,0.0909090936
1771,12,3,0.25
1772,22,1,0.0454545468
1773,12,3,0.25
1774,5,1,0.200000003
1775,11,2,0.181818187
1776,4,0,0
1777,13,2,0.15384616
1778,8,1,0.125
1779,13,0,0
1780,10,0,0
1781,7,1,0.142857149
1782,13,2,0.15384616
1783,10,1,0.100000001
1784,12,2,0.166666672
1785,7,2,0.285714298
1786,8,1,0.125
1787,10,3,0.300000012
1788,11,3,0.272727281
1789,10,2,0.200000003
1790,17,1,0.0588235296
1791,7,0,0
1792,11,1,0.0909090936
1793,12,2,0.166666672
1794,8,2,0.25
1795,10,2,0.200000003
1796,8,3,0.375
1797,12,4,0.333333343
1798,11,0,0
1799,14,2,0.142857149
1800,12,1,0.0833333358
1801,14,1,0.0714285746
1802,9,2,0.222222224
1803,7,1,0.142857149
1804,12,3,0.25
1805,7,1,0.142857149
1806,8,0,0
1807,17,1,0.0588235296
1808,8,1,0.125
1809,5,1,0.200000003
1810,9,0,0
1811,12,4,0.333333343
1812,11,0,0
1813,14,2,0.142857149
1814,11,1,0.0909090936
1815,12,2,0.166666672
1816,10,0,0
1817,4,0,0
1818,9,1,0.111111112
1819,12,2,0.166666672
1820,12,2,0.166666672
1821,12,2,0.166666672
1822,12,2,0.166666672
1823,9,2,0.222222224
1824,9,2,0.222222224
1825,8,2,0.25
1826,9,0,0
1827,9,2,0.222222224
1828,12,1,0.0833333358
1829,13,1,0.0769230798
1830,9,2,0.222222224
1831,8,0,0
1832,11,2,0.181818187
1833,9,3,0.333333343
1834,8,0,0
1835,12,1,0.0833333358
1836,11,0,0
1837,14,2,0.142857149
1838,7,2,0.285714298
1839,11,2,0.181818187
1840,8,2,0.25
1841,7,0,0
1842,14,3,0.214285716
1843,8,0,0
1844,13,1,0.0769230798
1845,14,3,0.214285716
1846,14,2,0.142857149
1847,9,1,0.111111112
1848,10,1,0.100000001
1849,7,2,0.285714298
1850,14,3,0.214285716
1851,7,1,0.142857149
1852,8,0,0
1853,16,1,0.0625
1854,14,1,0.0714285746
1855,13,0,0
1856,9,2,0.222222224
1857,9,4,0.444444448
1858,10,0,0
1859,10,2,0.200000003
1860,9,1,0.111111112
1861,9,0,0
1862,13,1,0.0769230798
1863,8,2,0.25
1864,11,1,0.0909090936
1865,8,0,0
1866,15,2,0.13333334
1867,10,0,0
1868,12,2,0.166666672
1869,12,1,0.0833333358
1870,11,0,0
1871,8,1,0.125
1872,8,1,0.125
1873,9,2,0.222222224
1874,7,0,0
1875,7,3,0.428571433
1876,4,1,0.25
1877,7,0,0
1878,10,0,0
1879,11,3,0.272727281
1880,12,4,0.333333343
1881,7,0,0
1882,13,1,0.0769230798
1883,7,0,0
1884,8,3,0.375
1885,10,1,0.100000001
1886,9,1,0.111111112
1887,11,1,0.0909090936
1888,10,1,0.100000001
1889,8,1,0.125
1890,7,0,0
1891,10,1,0.100000001
1892,9,1,0.111111112
1893,13,2,0.15384616
1894,5,0,0
1895,13,0,0
1896,9,1,0.111111112
1897,15,0,0
1898,7,1,0.142857149
1899,11,1,0.0909090936
1900,12,2,0.166666672
1901,7,2,0.285714298
1902,4,1,0.25
1903,12,1,0.0833333358
1904,10,4,0.400000006
1905,12,1,0.0833333358
1906,9,0,0
1907,6,1,0.166666672
1908,19,1,0.0526315793
1909,7,1,0.142857149
1910,20,4,0.200000003
1911,6,1,0.166666672
1912,6,3,0.5
1913,10,0,0
1914,11,2,0.181818187
1915,6,0,0
1916,13,3,0.230769232
1917,12,0,0
1918,11,2,0.181818187
1919,11,2,0.181818187
1920,6,1,0.166666672
1921,10,1,0.100000001
1922,11,1,0.0909090936
1923,8,1,0.125
1924,9,3,0.333333343
1925,9,2,0.222222224
1926,10,1,0.100000001
1927,13,3,0.230769232
1928,10,1,0.100000001
1929,11,1,0.0909090936
1930,14,3,0.214285716
1931,10,3,0.300000012
1932,13,0,0
1933,13,0,0
1934,7,1,0.142857149
1935,13,2,0.15384616
1936,8,0,0
1937,11,1,0.0909090936
1938,12,1,0.0833333358
1939,6,0,0
1940,12,2,0.166666672
1941,6,1,0.166666672
1942,12,1,0.0833333358
1943,9,0,0
1944,15,1,0.0666666701
1945,10,3,0.300000012
1946,6,1,0.166666672
1947,11,1,0.0909090936
1948,8,1,0.125
1949,15,3,0.200000003
1950,11,1,0.0909090936
1951,8,0,0
1952,5,0,0
1953,8,0,0
1954,12,0,0
1955,11,2,0.181818187
1956,11,1,0.0909090936
1957,12,1,0.0833333358
1958,12,2,0.166666672
1959,12,1,0.0833333358
1960,7,1,0.142857149
1961,5,1,0.200000003
1962,13,2,0.15384616
1963,11,1,0.0909090936
1964,7,1,0.142857149
1965,13,1,0.0769230798
1966,6,0,0
1967,10,1,0.100000001
1968,10,1,0.100000001
1969,12,0,0
1970,10,1,0.100000001
1971,10,2,0.200000003
1972,9,0,0
1973,14,4,0.285714298
1974,9,2,0.222222224
1975,7,2,0.285714298
1976,7,0,0
1977,9,1,0.111111112
1978,6,1,0.166666672
1979,8,2,0.25
1980,6,2,0.333333343
1981,8,2,0.25
1982,11,2,0.181818187
1983,15,1,0.0666666701
1984,11,3,0.272727281
1985,10,1,0.100000001
1986,8,2,0.25
1987,9,1,0.111111112
1988,9,3,0.333333343
1989,12,3,0.25
1990,9,1,0.111111112
1991,12,2,0.166666672
1992,12,1,0.0833333358
1993,6,1,0.166666672
1994,11,2,0.181818187
1995,9,1,0.111111112
1996,9,1,0.111111112
1997,5,0,0
1998,8,1,0.125
1999,12,1,0.0833333358
2000,8,3,0.375
2001,3,1,0.333333343
2002,12,2,0.166666672
2003,14,0,0
2004,11,2,0.181818187
2005,18,4,0.222222224
2006,8,2,0.25
2007,13,4,0.307692319
2008,8,1,0.125
2009,5,0,0
2010,3,1,0.333333343
2011,5,2,0.400000006
2012,6,1,0.166666672
2013,12,1,0.0833333358
2014,4,0,0
2015,9,1,0.111111112
2016,11,2,0.181818187
2017,6,3,0.5
2018,9,2,0.222222224
2019,10,0,0
2020,6,3,0.5
2021,15,3,0.200000003
2022,11,1,0.0909090936
2023,11,1,0.0909090936
2024,10,1,0.100000001
2025,5,0,0
2026,9,0,0
2027,10,1,0.100000001
2028,5,1,0.200000003
2029,9,1,0.111111112
2030,9,1,0.111111112
2031,7,1,0.142857149
2032,9,2,0.222222224
2033,5,0,0
2034,7,0,0
2035,5,1,0.200000003
2036,13,2,0.15384616
2037,15,3,0.200000003
2038,15,3,0.200000003
2039,11,2,0.181818187
2040,7,2,0.285714298
2041,8,2,0.25
2042,6,2,0.333333343
2043,7,1,0.142857149
2044,11,0,0
2045,6,0,0
2046,7,2,0.285714298
2047,11,1,0.0909090936
2048,7,2,0.285714298
2049,15,2,0.13333334
2050,9,0,0
2051,6,1,0.166666672
2052,14,3,0.214285716
2053,7,0,0
2054,9,1,0.111111112
2055,5,0,0
2056,12,3,0.25
2057,5,0,0
2058,4,1,0.25
2059,12,2,0.166666672
2060,15,4,0.266666681
2061,6,0,0
2062,10,1,0.100000001
2063,12,0,0
2064,9,0,0
2065,10,2,0.200000003
2066,8,0,0
2067,8,2,0.25
2068,12,1,0.0833333358
2069,13,0,0
2070,5,1,0.200000003
2071,9,1,0.111111112
2072,11,2,0.181818187
2073,12,2,0.166666672
2074,6,2,0.333333343
2075,3,1,0.333333343
2076,7,0,0
2077,15,2,0.13333334
2078,6,1,0.166666672
2079,4,0,0
2080,10,1,0.100000001
2081,5,2,0.400000006
2082,12,1,0.0833333358
2083,10,3,0.300000012
2084,10,0,0
2085,7,1,0.142857149
2086,12,0,0
2087,4,0,0
2088,11,3,0.272727281
2089,6,1,0.166666672
2090,14,1,0.0714285746
2091,15,1,0.0666666701
2092,11,1,0.0909090936
2093,9,1,0.111111112
2094,12,4,0.333333343
2095,11,2,0.181818187
2096,10,2,0.200000003
2097,14,2,0.142857149
2098,7,0,0
2099,10,0,0
2100,10,0,0
2101,5,0,0
2102,10,2,0.200000003
2103,12,1,0.0833333358
2104,21,5,0.238095239
2105,12,3,0.25
2106,16,3,0.1875
2107,13,1,0.0769230798
2108,12,2,0.166666672
2109,7,1,0.142857149
2110,10,4,0.400000006
2111,9,2,0.222222224
2112,11,0,0
2113,10,1,0.100000001
2114,8,1,0.125
2115,13,4,0.307692319
2116,7,1,0.142857149
2117,11,2,0.181818187
2118,14,3,0.214285716
2119,11,1,0.0909090936
2120,9,4,0.444444448
2121,11,1,0.0909090936
2122,13,2,0.15384616
2123,10,2,0.200000003
2124,13,1,0.0769230798
2125,13,2,0.15384616
2126,13,2,0.15384616
2127,10,1,0.100000001
2128,11,1,0.0909090936
2129,11,1,0.0909090936
2130,15,2,0.13333334
2131,12,1,0.0833333358
2132,4,1,0.25
2133,8,1,0.125
2134,7,1,0.142857149
2135,15,0,0
2136,8,2,0.25
2137,7,1,0.142857149
2138,7,2,0.285714298
2139,10,2,0.200000003
2140,9,0,0
2141,4,0,0
2142,7,1,0.142857149
2143,9,0,0
2144,11,0,0
2145,6,0,0
2146,11,0,0
2147,17,3,0.176470593
2148,14,2,0.142857149
2149,9,2,0.222222224
2150,8,2,0.25
2151,7,2,0.285714298
2152,6,1,0.166666672
2153,7,1,0.142857149
2154,8,2,0.25
2155,10,1,0.100000001
2156,3,0,0
2157,10,0,0
2158,13,2,0.15384616
2159,12,1,0.0833333358
2160,9,2,0.222222224
2161,9,1,0.111111112
2162,10,3,0.300000012
2163,9,2,0.222222224
2164,13,2,0.15384616
2165,11,3,0.272727281
2166,9,2,0.222222224
2167,6,0,0
2168,5,0,0
2169,8,1,0.125
2170,8,2,0.25
2171,6,0,0
2172,7,1,0.142857149
2173,7,1,0.142857149
2174,8,0,0
2175,7,1,0.142857149
2176,9,2,0.222222224
2177,11,2,0.181818187
2178,7,1,0.142857149
2179,17,5,0.294117659
2180,8,4,0.5
2181,4,0,0
2182,8,1,0.125
2183,9,0,0
2184,10,1,0.100000001
2185,10,1,0.100000001
2186,5,1,0.200000003
2187,6,1,0.166666672
2188,13,1,0.0769230798
2189,5,0,0
2190,9,1,0.111111112
2191,9,1,0.111111112
2192,8,0,0
2193,8,0,0
2194,9,2,0.222222224
2195,7,3,0.428571433
2196,8,2,0.25
2197,13,1,0.0769230798
2198,11,1,0.0909090936
2199,6,1,0.166666672
2200,8,2,0.25
2201,12,2,0.166666672
2202,8,2,0.25
2203,9,1,0.111111112
2204,9,1,0.111111112
2205,11,1,0.0909090936
2206,8,2,0.25
2207,7,1,0.142857149
2208,10,0,0
2209,8,0,0
2210,5,0,0
2211,4,0,0
2212,6,1,0.166666672
2213,9,2,0.222222224
2214,7,0,0
2215,11,1,0.0909090936
2216,9,2,0.222222224
2217,10,3,0.300000012
2218,11,4,0.363636374
2219,10,3,0.300000012
2220,12,1,0.0833333358
2221,11,2,0.181818187
2222,7,0,0
2223,12,1,0.0833333358
2224,11,1,0.0909090936
2225,5,1,0.200000003
2226,13,4,0.307692319
2227,7,2,0.285714298
2228,6,2,0.333333343
2229,6,3,0.5
2230,9,1,0.111111112
2231,4,2,0.5
2232,8,0,0
2233,8,2,0.25
2234,4,0,0
2235,10,2,0.200000003
2236,11,1,0.0909090936
2237,3,0,0
2238,10,1,0.100000001
2239,10,2,0.200000003
2240,5,0,0
2241,11,0,0
2242,7,2,0.285714298
2243,9,1,0.111111112
2244,10,2,0.200000003
2245,9,2,0.222222224
2246,9,1,0.111111112
2247,18,0,0
2248,9,0,0
2249,10,0,0
2250,8,0,0
2251,4,0,0
2252,8,1,0.125
2253,6,3,0.5
2254,9,1,0.111111112
2255,9,0,0
2256,4,1,0.25
2257,5,0,0
2258,10,1,0.100000001
2259,5,0,0
2260,4,1,0.25
2261,9,2,0.222222224
2262,8,0,0
2263,9,2,0.222222224
2264,11,0,0
2265,4,2,0.5
2266,8,2,0.25
2267,8,2,0.25
2268,10,2,0.200000003
2269,8,2,0.25
2270,14,3,0.214285716
2271,5,0,0
2272,11,1,0.0909090936
2273,11,2,0.181818187
2274,4,1,0.25
2275,10,1,0.100000001
2276,10,1,0.100000001
2277,11,3,0.272727281
2278,18,4,0.222222224
2279,6,1,0.166666672
2280,4,1,0.25
2281,10,2,0.200000003
2282,6,0,0
2283,9,0,0
2284,10,0,0
2285,4,1,0.25
2286,7,3,0.428571433
2287,10,1,0.100000001
2288,10,0,0
2289,2,0,0
2290,6,1,0.166666672
2291,8,2,0.25
2292,8,1,0.125
2293,7,1,0.142857149
2294,9,0,0
2295,9,1,0.111111112
2296,15,2,0.13333334
2297,10,2,0.200000003
2298,11,1,0.0909090936
2299,9,1,0.111111112
2300,8,1,0.125
2301,10,1,0.100000001
2302,4,0,0
2303,12,3,0.25
2304,7,2,0.285714298
2305,4,0,0
2306,6,2,0.333333343
2307,7,0,0
2308,6,2,0.333333343
2309,11,2,0.181818187
2310,13,2,0.15384616
2311,10,1,0.100000001
2312,11,3,0.272727281
2313,9,0,0
2314,9,0,0
2315,8,1,0.125
2316,10,0,0
2317,8,1,0.125
2318,9,1,0.111111112
2319,6,0,0
2320,7,1,0.142857149
2321,10,0,0
2322,13,7,0.538461566
2323,7,0,0
2324,6,2,0.333333343
2325,12,3,0.25
2326,9,1,0.111111112
2327,11,2,0.181818187
2328,7,0,0
2329,6,0,0
2330,7,1,0.142857149
2331,8,4,0.5
2332,6,1,0.166666672
2333,10,1,0.100000001
2334,11,1,0.0909090936
2335,5,1,0.200000003
2336,5,1,0.200000003
2337,10,0,0
2338,8,0,0
2339,6,0,0
2340,6,0,0
2341,11,1,0.0909090936
2342,6,2,0.333333343
2343,8,1,0.125
2344,3,1,0.333333343
2345,12,2,0.166666672
2346,9,3,0.333333343
2347,9,1,0.111111112
2348,11,1,0.0909090936
2349,8,0,0
2350,10,1,0.100000001
2351,7,0,0
2352,8,1,0.125
2353,10,1,0.100000001
2354,5,1,0.200000003
2355,8,2,0.25
2356,8,0,0
2357,10,0,0
2358,7,0,0
2359,3,0,0
2360,9,0,0
2361,9,1,0.111111112
2362,13,2,0.15384616
2363,10,1,0.100000001
2364,7,0,0
2365,6,1,0.166666672
2366,9,3,0.333333343
2367,7,2,0.285714298
2368,8,0,0
2369,7,1,0.142857149
2370,10,1,0.100000001
2371,13,4,0.307692319
2372,14,2,0.142857149
2373,7,3,0.428571433
2374,5,1,0.200000003
2375,6,0,0
2376,11,1,0.0909090936
2377,13,0,0
2378,11,2,0.181818187
2379,13,5,0.384615391
2380,11,2,0.181818187
2381,17,2,0.117647059
2382,12,2,0.166666672
2383,9,2,0.222222224
2384,4,0,0
2385,13,2,0.15384616
2386,6,2,0.333333343
2387,8,2,0.25
2388,6,0,0
2389,5,1,0.200000003
2390,6,0,0
2391,7,1,0.142857149
2392,6,0,0
2393,7,3,0.428571433
2394,9,1,0.111111112
2395,5,1,0.200000003
2396,10,0,0
2397,11,3,0.272727281
2398,6,0,0
2399,8,1,0.125
2400,13,1,0.0769230798
2401,11,3,0.272727281
2402,12,2,0.166666672
2403,2,0,0
2404,7,1,0.142857149
2405,12,1,0.0833333358
2406,5,3,0.600000024
2407,4,1,0.25
2408,10,3,0.300000012
2409,8,1,0.125
2410,6,1,0.166666672
2411,11,2,0.181818187
2412,11,5,0.454545468
2413,6,1,0.166666672
2414,9,0,0
2415,9,4,0.444444448
2416,10,1,0.100000001
2417,5,1,0.200000003
2418,7,1,0.142857149
2419,10,2,0.200000003
2420,9,1,0.111111112
2421,7,0,0
2422,4,1,0.25
2423,10,1,0.100000001
2424,7,4,0.571428597
2425,5,0,0
2426,3,1,0.333333343
2427,9,2,0.222222224
2428,7,1,0.142857149
2429,8,1,0.125
2430,11,4,0.363636374
2431,8,0,0
2432,5,1,0.200000003
2433,6,1,0.166666672
2434,8,1,0.125
2435,11,0,0
2436,6,2,0.333333343
2437,8,0,0
2438,6,2,0.333333343
2439,9,1,0.111111112
2440,11,1,0.0909090936
2441,4,0,0
2442,6,1,0.166666672
2443,7,1,0.142857149
2444,6,2,0.333333343
2445,10,2,0.200000003
2446,6,1,0.166666672
2447,12,0,0
2448,9,0,0
2449,12,2,0.166666672
2450,4,0,0
2451,10,0,0
2452,3,0,0
2453,7,0,0
2454,5,0,0
2455,5,1,0.200000003
2456,10,1,0.100000001
2457,6,0,0
2458,10,0,0
2459,10,2,0.200000003
2460,9,1,0.111111112
2461,7,1,0.142857149
2462,6,0,0
2463,12,2,0.166666672
2464,5,2,0.400000006
2465,5,3,0.600000024
2466,9,1,0.111111112
2467,13,0,0
2468,4,2,0.5
2469,12,1,0.0833333358
2470,7,1,0.142857149
2471,13,2,0.15384616
2472,7,2,0.285714298
2473,11,2,0.181818187
2474,10,2,0.200000003
2475,6,2,0.333333343
2476,10,0,0
2477,4,0,0
2478,5,1,0.200000003
2479,5,2,0.400000006
2480,6,1,0.166666672
2481,7,1,0.142857149
2482,9,1,0.111111112
2483,8,0,0
2484,11,1,0.0909090936
2485,6,0,0
2486,9,0,0
2487,2,0,0
2488,7,3,0.428571433
2489,8,1,0.125
2490,6,0,0
2491,8,0,0
2492,3,0,0
2493,6,1,0.166666672
2494,9,2,0.222222224
2495,5,1,0.200000003
2496,10,3,0.300000012
2497,7,0,0
2498,7,0,0
2499,6,1,0.166666672
2500,5,1,0.200000003
2501,7,1,0.142857149
2502,8,1,0.125
2503,5,0,0
2504,5,3,0.600000024
2505,5,3,0.600000024
2506,8,1,0.125
2507,10,0,0
2508,7,2,0.285714298
2509,6,2,0.333333343
2510,6,3,0.5
2511,12,4,0.333333343
2512,14,3,0.214285716
2513,7,0,0
2514,4,1,0.25
2515,5,0,0
2516,9,0,0
2517,7,1,0.142857149
2518,7,1,0.142857149
2519,4,0,0
2520,8,1,0.125
2521,5,0,0
2522,6,1,0.166666672
2523,12,2,0.166666672
2524,4,1,0.25
2525,7,1,0.142857149
2526,4,0,0
2527,11,2,0.181818187
2528,8,3,0.375
2529,7,0,0
2530,9,1,0.111111112
2531,8,1,0.125
2532,5,1,0.200000003
2533,7,1,0.142857149
2534,6,1,0.166666672
2535,10,0,0
2536,7,1,0.142857149
2537,10,3,0.300000012
2538,8,1,0.125
2539,4,0,0
2540,11,3,0.272727281
2541,8,0,0
2542,5,2,0.400000006
2543,16,3,0.1875
2544,8,1,0.125
2545,5,0,0
2546,2,1,0.5
2547,8,1,0.125
2548,4,0,0
2549,8,0,0
2550,8,3,0.375
2551,9,1,0.111111112
2552,10,3,0.300000012
2553,8,2,0.25
2554,10,2,0.200000003
2555,11,1,0.0909090936
2556,4,0,0
2557,5,0,0
2558,7,0,0
2559,7,1,0.142857149
2560,9,0,0
2561,15,1,0.0666666701
2562,9,3,0.333333343
2563,3,0,0
2564,7,1,0.142857149
2565,8,0,0
2566,1,0,0
2567,8,1,0.125
2568,9,1,0.111111112
2569,9,0,0
2570,10,1,0.100000001
2571,6,2,0.333333343
2572,8,0,0
2573,4,0,0
2574,6,0,0
2575,5,0,0
2576,7,1,0.142857149
2577,7,2,0.285714298
2578,9,2,0.222222224
2579,7,2,0.285714298
2580,11,2,0.181818187
2581,5,0,0
2582,6,0,0
2583,3,1,0.333333343
2584,2,2,1
2585,6,0,0
2586,9,2,0.222222224
2587,6,0,0
2588,8,0,0
2589,9,2,0.222222224
2590,7,2,0.285714298
2591,11,0,0
2592,4,1,0.25
2593,9,1,0.111111112
2594,5,1,0.200000003
2595,12,2,0.166666672
2596,5,0,0
2597,7,1,0.142857149
2598,7,1,0.142857149
2599,7,2,0.285714298
2600,7,0,0
2601,5,1,0.200000003
2602,8,3,0.375
2603,8,1,0.125
2604,7,3,0.428571433
2605,7,1,0.142857149
2606,4,0,0
2607,13,1,0.0769230798
2608,8,1,0.125
2609,3,0,0
2610,8,2,0.25
2611,7,1,0.142857149
2612,14,2,0.142857149
2613,7,1,0.142857149
2614,7,3,0.428571433
2615,7,0,0
2616,3,1,0.333333343
2617,5,0,0
2618,8,0,0
2619,4,1,0.25
2620,9,1,0.111111112
2621,7,1,0.142857149
2622,9,2,0.222222224
2623,6,0,0
2624,8,0,0
2625,3,2,0.666666687
2626,9,3,0.333333343
2627,14,1,0.0714285746
2628,8,0,0
2629,2,0,0
2630,3,0,0
2631,2,0,0
2632,9,1,0.111111112
2633,8,2,0.25
2634,9,0,0
2635,4,0,0
2636,5,0,0
2637,5,0,0
2638,7,1,0.142857149
2639,7,0,0
2640,4,1,0.25
2641,10,1,0.100000001
2642,8,0,0
2643,10,2,0.200000003
2644,10,4,0.400000006
2645,5,0,0
2646,6,0,0
2647,5,0,0
2648,9,2,0.222222224
2649,10,2,0.200000003
2650,7,2,0.285714298
2651,6,0,0
2652,2,0,0
2653,5,0,0
2654,3,0,0
2655,5,1,0.200000003
2656,5,0,0
2657,5,0,0
2658,7,0,0
2659,4,0,0
2660,6,1,0.166666672
2661,7,2,0.285714298
2662,5,0,0
2663,10,2,0.200000003
2664,6,2,0.333333343
2665,7,1,0.142857149
2666,9,0,0
2667,2,0,0
2668,8,0,0
2669,7,0,0
2670,3,0,0
2671,6,1,0.166666672
2672,8,2,0.25
2673,10,3,0.300000012
2674,11,0,0
2675,6,2,0.333333343
2676,6,1,0.166666672
2677,6,0,0
2678,4,1,0.25
2679,4,0,0
2680,9,2,0.222222224
2681,5,1,0.200000003
2682,7,0,0
2683,7,0,0
2684,6,1,0.166666672
2685,6,1,0.166666672
2686,8,1,0.125
2687,5,0,0
2688,9,4,0.444444448
2689,7,3,0.428571433
2690,12,1,0.0833333358
2691,8,1,0.125
2692,11,1,0.0909090936
2693,6,1,0.166666672
2694,3,0,0
2695,6,0,0
2696,4,0,0
2697,6,1,0.166666672
2698,15,3,0.200000003
2699,9,1,0.111111112
2700,9,3,0.333333343
2701,13,1,0.0769230798
2702,7,1,0.142857149
2703,8,1,0.125
2704,6,3,0.5
2705,8,1,0.125
2706,3,0,0
2707,4,0,0
2708,6,2,0.333333343
2709,13,3,0.230769232
2710,5,3,0.600000024
2711,5,1,0.200000003
2712,8,0,0
2713,5,1,0.200000003
2714,6,1,0.166666672
2715,4,0,0
2716,8,1,0.125
2717,12,2,0.166666672
2718,7,2,0.285714298
2719,7,2,0.285714298
2720,6,1,0.166666672
2721,7,0,0
2722,6,0,0
2723,3,2,0.666666687
2724,7,1,0.142857149
2725,6,1,0.166666672
2726,5,0,0
2727,5,0,0
2728,8,1,0.125
2729,2,1,0.5
2730,7,0,0
2731,8,3,0.375
2732,11,3,0.272727281
2733,9,1,0.111111112
2734,14,5,0.357142866
2735,10,0,0
2736,8,0,0
2737,4,1,0.25
2738,4,0,0
2739,7,0,0
2740,5,2,0.400000006
2741,8,2,0.25
2742,4,1,0.25
2743,10,0,0
2744,7,1,0.142857149
2745,9,2,0.222222224
2746,4,1,0.25
2747,7,2,0.285714298
2748,6,1,0.166666672
2749,9,2,0.222222224
2750,10,2,0.200000003
2751,9,1,0.111111112
2752,6,1,0.166666672
2753,4,0,0
2754,9,4,0.444444448
2755,7,2,0.285714298
2757,8,1,0.125
2758,6,0,0
2759,4,0,0
2760,8,2,0.25
2761,7,1,0.142857149
2762,12,1,0.0833333358
2763,10,0,0
2764,4,3,0.75
2765,2,0,0
2766,7,0,0
2767,6,0,0
2768,9,1,0.111111112
2769,9,0,0
2770,9,2,0.222222224
2771,11,1,0.0909090936
2772,6,1,0.166666672
2773,6,2,0.333333343
2774,10,0,0
2775,5,1,0.200000003
2776,9,2,0.222222224
2777,10,2,0.200000003
2778,4,1,0.25
2779,10,0,0
2780,6,0,0
2781,10,2,0.200000003
2782,8,2,0.25
2783,2,1,0.5
2784,10,0,0
2785,7,1,0.142857149
2786,9,0,0
2787,6,0,0
2788,10,0,0
2789,7,0,0
2790,12,0,0
2791,7,1,0.142857149
2792,9,1,0.111111112
2793,3,0,0
2794,7,0,0
2795,8,0,0
2796,6,0,0
2797,4,2,0.5
2798,4,2,0.5
2799,4,1,0.25
2800,12,3,0.25
2801,8,2,0.25
2802,2,0,0
2803,11,2,0.181818187
2804,7,0,0
2805,9,1,0.111111112
2806,7,1,0.142857149
2807,5,0,0
2808,10,0,0
2809,9,3,0.333333343
2810,3,0,0
2811,6,0,0
2812,3,2,0.666666687
2813,2,0,0
2814,4,0,0
2815,6,2,0.333333343
2816,4,1,0.25
2817,10,0,0
2818,9,3,0.333333343
2819,7,0,0
2820,7,0,0
2821,7,1,0.142857149
2822,12,1,0.0833333358
2823,7,1,0.142857149
2824,16,3,0.1875
2825,8,1,0.125
2826,4,0,0
2827,4,0,0
2828,12,2,0.166666672
2829,6,0,0
2830,10,2,0.200000003
2831,9,1,0.111111112
2832,7,0,0
2833,10,1,0.100000001
2834,6,0,0
2835,1,0,0
2836,3,0,0
2837,9,0,0
2838,2,0,0
2839,8,2,0.25
2840,5,2,0.400000006
2841,8,2,0.25
2842,4,0,0
2843,13,2,0.15384616
2844,4,0,0
2845,5,0,0
2846,10,2,0.200000003
2847,8,2,0.25
2848,3,0,0
2849,11,2,0.181818187
2850,6,1,0.166666672
2851,7,0,0
2852,7,1,0.142857149
2853,6,0,0
2854,1,0,0
2855,5,0,0
2856,2,2,1
2857,7,0,0
2858,10,2,0.200000003
2859,14,0,0
2860,10,3,0.300000012
2861,2,0,0
2862,5,0,0
2863,3,0,0
2864,8,1,0.125
2865,10,0,0
2866,8,1,0.125
2867,4,0,0
2868,2,0,0
2869,3,1,0.333333343
2870,6,1,0.166666672
2871,8,1,0.125
2872,7,0,0
2873,7,4,0.571428597
2874,6,1,0.166666672
2875,4,1,0.25
2876,5,2,0.400000006
2877,12,0,0
2878,5,2,0.400000006
2879,6,1,0.166666672
2880,5,2,0.400000006
2881,9,1,0.111111112
2882,10,2,0.200000003
2883,6,0,0
2884,4,1,0.25
2885,6,0,0
2886,10,1,0.100000001
2887,7,1,0.142857149
2888,7,0,0
2889,8,0,0
2890,13,1,0.0769230798
2891,8,0,0
2892,10,1,0.100000001
2893,10,2,0.200000003
2894,5,1,0.200000003
2895,9,3,0.333333343
2896,7,2,0.285714298
2897,8,2,0.25
2898,10,3,0.300000012
2899,6,0,0
2900,8,0,0
2901,8,2,0.25
2902,9,1,0.111111112
2903,4,1,0.25
2904,5,1,0.200000003
2905,3,1,0.333333343
2906,5,0,0
2907,11,3,0.272727281
2908,12,0,0
2909,6,0,0
2910,9,2,0.222222224
2911,7,2,0.285714298
2912,6,2,0.333333343
2913,3,0,0
2914,5,0,0
2915,7,0,0
2916,5,0,0
2917,6,0,0
2918,4,0,0
2919,7,1,0.142857149
2920,10,1,0.100000001
2921,8,0,0
2922,10,1,0.100000001
2923,7,1,0.142857149
2924,7,3,0.428571433
2925,6,5,0.833333313
2926,7,1,0.142857149
2927,7,0,0
2928,10,0,0
2929,7,4,0.571428597
2930,8,1,0.125
2931,7,1,0.142857149
2932,10,0,0
2933,3,1,0.333333343
2934,9,1,0.111111112
2935,7,1,0.142857149
2936,4,0,0
2937,3,1,0.333333343
2938,8,3,0.375
2939,6,1,0.166666672
2940,3,1,0.333333343
2941,7,1,0.142857149
2942,5,1,0.200000003
2943,5,1,0.200000003
2944,7,0,0
2945,4,0,0
2946,6,0,0
2947,8,4,0.5
2948,5,2,0.400000006
2949,7,1,0.142857149
2950,9,1,0.111111112
2951,5,0,0
2952,6,0,0
2953,7,0,0
2954,8,2,0.25
2955,4,0,0
2956,8,1,0.125
2957,10,3,0.300000012
2958,3,1,0.333333343
2959,1,0,0
2960,11,1,0.0909090936
2961,7,1,0.142857149
2962,8,1,0.125
2963,9,3,0.333333343
2964,4,1,0.25
2965,6,0,0
2966,7,1,0.142857149
2967,9,1,0.111111112
2968,3,1,0.333333343
2969,9,2,0.222222224
2970,6,1,0.166666672
2971,9,1,0.111111112
2972,8,0,0
2973,12,1,0.0833333358
2974,5,0,0
2975,4,1,0.25
2976,5,1,0.200000003
2977,4,0,0
2978,12,2,0.166666672
2979,8,0,0
2980,11,1,0.0909090936
2981,4,0,0
2982,2,0,0
2983,6,1,0.166666672
2984,2,1,0.5
2985,7,2,0.285714298
2986,3,3,1
2987,6,0,0
2988,7,1,0.142857149
2989,4,0,0
2990,6,1,0.166666672
2991,9,1,0.111111112
2992,8,2,0.25
2993,2,0,0
2994,10,1,0.100000001
2995,6,1,0.166666672
2996,6,1,0.166666672
2997,7,0,0
2998,9,2,0.222222224
2999,6,1,0.166666672
3000,5,0,0
3001,5,0,0
3002,1,0,0
3003,4,0,0
3004,9,0,0
3005,6,1,0.166666672
3006,5,2,0.400000006
3007,3,0,0
3008,3,0,0
3009,4,1,0.25
3010,7,1,0.142857149
3011,7,1,0.142857149
3012,4,1,0.25
3013,6,0,0
3014,6,0,0
3015,4,1,0.25
3016,9,2,0.222222224
3017,7,1,0.142857149
3018,5,2,0.400000006
3019,7,3,0.428571433
3020,6,1,0.166666672
3021,8,0,0
3022,5,0,0
3023,4,0,0
3024,5,2,0.400000006
3025,5,2,0.400000006
3026,9,1,0.111111112
3027,6,0,0
3028,5,0,0
3029,4,1,0.25
3030,6,0,0
3031,7,3,0.428571433
3032,8,2,0.25
3033,6,1,0.166666672
3034,5,0,0
3035,2,0,0
3036,7,3,0.428571433
3037,4,0,0
3038,6,1,0.166666672
3039,5,0,0
3040,7,1,0.142857149
3041,4,1,0.25
3042,7,0,0
3043,4,1,0.25
3044,6,3,0.5
3045,9,0,0
3046,6,1,0.166666672
3047,6,0,0
3048,5,1,0.200000003
3049,3,0,0
3050,5,0,0
3051,7,1,0.142857149
3052,12,4,0.333333343
3053,7,3,0.428571433
3054,2,0,0
3055,13,2,0.15384616
3056,5,0,0
3057,6,0,0
3058,1,1,1
3059,6,1,0.166666672
3060,5,1,0.200000003
3061,7,5,0.714285731
3062,4,0,0
3063,13,2,0.15384616
3064,7,1,0.142857149
3065,3,1,0.333333343
3066,8,1,0.125
3067,8,3,0.375
3068,9,1,0.111111112
3069,4,0,0
3070,4,0,0
3071,10,3,0.300000012
3072,11,1,0.0909090936
3073,6,1,0.166666672
3074,6,0,0
3075,4,0,0
3076,10,1,0.100000001
3077,3,0,0
3078,3,1,0.333333343
3079,8,0,0
3080,5,2,0.400000006
3081,2,0,0
3082,10,2,0.200000003
3083,6,1,0.166666672
3084,5,0,0
3085,9,1,0.111111112
3086,5,2,0.400000006
3087,7,2,0.285714298
3088,4,0,0
3089,12,3,0.25
3090,8,1,0.125
3091,9,1,0.111111112
3092,7,1,0.142857149
3093,6,0,0
3094,4,0,0
3095,6,1,0.166666672
3096,8,1,0.125
3097,4,2,0.5
3098,6,1,0.166666672
3099,11,2,0.181818187
3100,8,2,0.25
3101,5,0,0
3102,3,1,0.333333343
3103,9,0,0
3104,7,0,0
3105,7,2,0.285714298
3106,5,0,0
3107,8,2,0.25
3108,10,1,0.100000001
3109,5,1,0.200000003
3110,3,0,0
3111,5,1,0.200000003
3112,5,1,0.200000003
3113,8,3,0.375
3114,5,0,0
3115,5,0,0
3116,3,2,0.666666687
3117,6,0,0
3118,7,2,0.285714298
3119,4,0,0
3120,3,0,0
3121,5,1,0.200000003
3122,5,0,0
3123,8,0,0
3124,6,2,0.333333343
3125,5,0,0
3126,11,4,0.363636374
3127,1,0,0
3128,7,0,0
3129,6,0,0
3130,9,1,0.111111112
3131,8,1,0.125
3132,3,1,0.333333343
3133,8,0,0
3134,5,1,0.200000003
3135,2,1,0.5
3136,2,0,0
3137,10,1,0.100000001
3138,6,1,0.166666672
3139,6,0,0
3140,6,1,0.166666672
3141,7,0,0
3142,5,1,0.200000003
3143,5,0,0
3144,5,0,0
3145,5,0,0
3146,7,1,0.142857149
3147,3,0,0
3148,4,1,0.25
3149,2,0,0
3150,5,1,0.200000003
3151,8,3,0.375
3152,8,1,0.125
3153,4,2,0.5
3154,13,4,0.307692319
3155,1,0,0
3156,5,1,0.200000003
3157,9,1,0.111111112
3158,4,2,0.5
3159,4,0,0
3160,5,1,0.200000003
3161,6,0,0
3162,10,0,0
3163,9,3,0.333333343
3164,3,0,0
3165,9,1,0.111111112
3166,9,1,0.111111112
3167,10,1,0.100000001
3168,6,0,0
3169,9,2,0.222222224
3170,6,2,0.333333343
3171,9,2,0.222222224
3172,6,1,0.166666672
3173,5,1,0.200000003
3174,3,0,0
3175,5,2,0.400000006
3176,9,3,0.333333343
3177,9,1,0.111111112
3178,7,2,0.285714298
3179,4,0,0
3180,6,1,0.166666672
3181,6,0,0
3182,6,0,0
3183,8,0,0
3184,8,2,0.25
3185,8,1,0.125
3186,4,1,0.25
3187,6,2,0.333333343
3188,4,0,0
3189,9,1,0.111111112
3190,7,1,0.142857149
3191,6,1,0.166666672
3192,7,2,0.285714298
3193,6,2,0.333333343
3194,5,1,0.200000003
3195,6,0,0
3196,5,1,0.200000003
3197,8,0,0
3198,4,1,0.25
3199,4,0,0
3200,5,1,0.200000003
3201,5,0,0
3202,7,1,0.142857149
3203,7,0,0
3204,7,0,0
3205,5,0,0
3206,4,1,0.25
3207,7,1,0.142857149
3208,8,3,0.375
3209,2,0,0
3210,4,0,0
3211,9,1,0.111111112
3212,2,0,0
3213,6,1,0.166666672
3214,7,1,0.142857149
3215,7,1,0.142857149
3216,2,0,0
3217,6,1,0.166666672
3218,4,2,0.5
3219,7,0,0
3220,4,1,0.25
3221,5,1,0.200000003
3222,12,2,0.166666672
3223,7,2,0.285714298
3224,5,1,0.200000003
3225,3,0,0
3226,5,2,0.400000006
3227,3,0,0
3228,5,0,0
3229,6,0,0
3230,3,0,0
3231,7,0,0
3232,7,2,0.285714298
3233,8,2,0.25
3234,2,0,0
3235,4,0,0
3236,4,3,0.75
3237,5,1,0.200000003
3238,7,1,0.142857149
3239,9,2,0.222222224
3240,9,4,0.444444448
3241,8,2,0.25
3242,8,0,0
3243,9,2,0.222222224
3244,5,0,0
3245,7,2,0.285714298
3246,4,2,0.5
3247,10,2,0.200000003
3248,7,1,0.142857149
3249,5,0,0
3250,9,0,0
3251,7,2,0.285714298
3252,5,1,0.200000003
3253,9,2,0.222222224
3254,4,1,0.25
3255,8,2,0.25
3256,5,1,0.200000003
3257,3,0,0
3258,5,1,0.200000003
3259,4,0,0
3260,3,0,0
3261,4,0,0
3262,6,0,0
3263,5,0,0
3264,6,2,0.333333343
3265,8,4,0.5
3266,5,0,0
3267,7,0,0
3268,5,0,0
3269,9,1,0.111111112
3270,4,1,0.25
3271,7,1,0.142857149
3272,8,0,0
3273,6,1,0.166666672
3274,6,1,0.166666672
3275,5,1,0.200000003
3276,2,0,0
3277,10,1,0.100000001
3278,6,0,0
3279,3,0,0
3280,5,2,0.400000006
3281,8,1,0.125
3282,10,1,0.100000001
3283,3,0,0
3284,7,0,0
3285,6,0,0
3286,5,1,0.200000003
3287,4,1,0.25
3288,2,0,0
3289,5,2,0.400000006
3290,1,0,0
3291,7,1,0.142857149
3292,4,0,0
3293,6,0,0
3294,6,1,0.166666672
3295,4,0,0
3296,6,1,0.166666672
3297,5,0,0
3298,4,0,0
3299,8,1,0.125
3300,6,3,0.5
3301,1,0,0
3302,11,1,0.0909090936
3303,6,0,0
3304,4,0,0
3305,8,1,0.125
3306,6,1,0.166666672
3307,6,0,0
3308,6,1,0.166666672
3309,6,2,0.333333343
3310,7,1,0.142857149
3311,8,1,0.125
3312,1,0,0
3313,3,0,0
3314,7,1,0.142857149
3315,5,0,0
3316,4,2,0.5
3317,5,0,0
3318,9,0,0
3319,2,0,0
3320,8,1,0.125
3321,5,1,0.200000003
3322,5,2,0.400000006
3323,10,1,0.100000001
3324,6,0,0
3325,4,1,0.25
3326,6,1,0.166666672
3327,5,0,0
3328,5,1,0.200000003
3329,7,1,0.142857149
3330,5,0,0
3331,7,0,0
3332,7,1,0.142857149
3333,5,1,0.200000003
3334,4,0,0
3335,8,2,0.25
3336,5,1,0.200000003
3337,1,0,0
3338,4,0,0
3339,4,1,0.25
3340,7,1,0.142857149
3341,3,0,0
3342,6,0,0
3343,4,1,0.25
3344,6,0,0
3345,4,1,0.25
3346,2,1,0.5
3347,8,1,0.125
3348,4,0,0
3349,2,0,0
3350,4,0,0
3351,3,1,0.333333343
3352,9,1,0.111111112
3353,6,0,0
3354,5,1,0.200000003
3355,2,0,0
3356,7,2,0.285714298
3357,3,0,0
3358,5,1,0.200000003
3359,10,3,0.300000012
3360,7,0,0
3361,8,1,0.125
3362,7,1,0.142857149
3363,6,1,0.166666672
3364,11,4,0.363636374
3365,5,1,0.200000003
3366,4,1,0.25
3367,3,0,0
3368,7,1,0.142857149
3369,3,1,0.333333343
3370,5,1,0.200000003
3371,4,1,0.25
3372,7,3,0.428571433
3373,7,0,0
3374,4,0,0
3375,7,0,0
3376,6,2,0.333333343
3377,5,1,0.200000003
3378,5,0,0
3379,9,1,0.111111112
3380,5,0,0
3381,5,0,0
3382,8,3,0.375
3383,11,1,0.0909090936
3384,5,0,0
3385,1,0,0
3386,5,1,0.200000003
3387,7,0,0
3388,8,0,0
3389,9,0,0
3390,7,3,0.428571433
3391,6,0,0
3392,5,1,0.200000003
3393,3,0,0
3394,5,0,0
3395,6,1,0.166666672
3396,2,1,0.5
3397,4,1,0.25
3398,10,3,0.300000012
3399,7,0,0
3400,6,1,0.166666672
3401,1,0,0
3402,7,1,0.142857149
3403,5,1,0.200000003
3404,4,0,0
3405,7,1,0.142857149
3406,2,1,0.5
3407,8,2,0.25
3408,12,0,0
3409,9,2,0.222222224
3410,5,1,0.200000003
3411,9,2,0.222222224
3412,5,0,0
3413,5,0,0
3414,6,0,0
3415,4,0,0
3416,11,2,0.181818187
3417,7,2,0.285714298
3418,7,1,0.142857149
3419,1,0,0
3420,7,1,0.142857149
3421,4,2,0.5
3422,3,1,0.333333343
3423,5,0,0
3424,6,0,0
3425,7,0,0
3426,9,1,0.111111112
3427,5,1,0.200000003
3428,1,0,0
3429,9,1,0.111111112
3430,4,1,0.25
3431,3,0,0
3432,6,3,0.5
3433,2,0,0
3434,7,1,0.142857149
3435,5,1,0.200000003
3436,8,0,0
3437,4,1,0.25
3438,9,1,0.111111112
3439,6,0,0
3440,1,1,1
3441,7,0,0
3442,7,1,0.142857149
3443,9,4,0.444444448
3444,9,0,0
3445,7,0,0
3446,6,0,0
3447,3,1,0.333333343
3448,7,0,0
3449,6,2,0.333333343
3450,6,1,0.166666672
3451,6,0,0
3452,6,2,0.333333343
3453,4,1,0.25
3454,6,0,0
3455,9,0,0
3456,7,1,0.142857149
3457,7,0,0
3458,6,0,0
3459,4,0,0
3460,4,2,0.5
3461,5,0,0
3462,5,1,0.200000003
3463,7,1,0.142857149
3464,4,2,0.5
3465,8,0,0
3466,8,1,0.125
3467,7,1,0.142857149
3468,4,0,0
3469,9,0,0
3470,4,1,0.25
3471,6,1,0.166666672
3472,3,0,0
3473,6,0,0
3474,3,0,0
3475,3,1,0.333333343
3476,7,1,0.142857149
3477,5,1,0.200000003
3478,5,2,0.400000006
3479,7,1,0.142857149
3480,7,1,0.142857149
3481,5,1,0.200000003
3482,8,2,0.25
3483,3,0,0
3484,7,0,0
3485,4,0,0
3486,3,1,0.333333343
3487,6,0,0
3488,5,0,0
3489,7,0,0
3490,5,0,0
3491,3,2,0.666666687
3492,4,1,0.25
3493,9,0,0
3494,3,0,0
3495,3,0,0
3496,4,0,0
3497,5,1,0.200000003
3498,5,2,0.400000006
3499,2,1,0.5
3500,4,0,0
3501,3,1,0.333333343
3502,5,1,0.200000003
3503,5,0,0
3504,6,0,0
3505,5,0,0
3506,6,1,0.166666672
3507,4,1,0.25
3508,3,0,0
3509,6,0,0
3510,6,0,0
3511,5,1,0.200000003
3512,4,1,0.25
3513,10,2,0.200000003
3514,10,1,0.100000001
3515,5,2,0.400000006
3516,7,1,0.142857149
3517,8,1,0.125
3518,6,1,0.166666672
3519,9,0,0
3520,3,0,0
3521,3,1,0.333333343
3522,4,1,0.25
3523,4,0,0
3524,4,2,0.5
3525,11,3,0.272727281
3526,6,0,0
3527,6,1,0.166666672
3528,5,1,0.200000003
3529,9,1,0.111111112
3530,6,0,0
3531,6,1,0.166666672
3532,8,2,0.25
3533,5,1,0.200000003
3534,9,1,0.111111112
3535,3,0,0
3536,2,0,0
3537,5,1,0.200000003
3538,5,1,0.200000003
3539,6,1,0.166666672
3540,5,1,0.200000003
3541,7,2,0.285714298
3542,11,0,0
3543,4,0,0
3544,3,0,0
3545,3,1,0.333333343
3546,4,1,0.25
3547,2,1,0.5
3548,5,3,0.600000024
3549,1,0,0
3550,8,0,0
3551,4,1,0.25
3552,4,0,0
3553,3,0,0
3554,5,1,0.200000003
3555,6,1,0.166666672
3556,8,0,0
3557,4,1,0.25
3558,8,3,0.375
3559,3,0,0
3560,1,0,0
3561,2,0,0
3562,7,1,0.142857149
3563,3,2,0.666666687
3564,6,0,0
3565,3,0,0
3566,7,0,0
3567,9,4,0.444444448
3568,6,0,0
3569,4,1,0.25
3570,3,0,0
3571,3,2,0.666666687
3572,1,0,0
3573,8,2,0.25
3574,4,0,0
3575,10,1,0.100000001
3576,4,2,0.5
3577,3,0,0
3578,2,1,0.5
3579,6,1,0.166666672
3580,3,0,0
3581,6,0,0
3582,6,1,0.166666672
3583,3,0,0
3584,3,0,0
3585,5,0,0
3586,4,0,0
3587,4,1,0.25
3588,6,0,0
3589,6,1,0.166666672
3590,1,0,0
3591,6,0,0
3592,7,0,0
3593,6,1,0.166666672
3594,5,0,0
3595,10,2,0.200000003
3596,3,0,0
3597,4,1,0.25
3598,7,1,0.142857149
3599,2,0,0
3600,10,3,0.300000012
3601,4,0,0
3602,4,0,0
3603,6,0,0
3604,7,1,0.142857149
3605,5,0,0
3606,5,0,0
3607,5,3,0.600000024
3608,9,1,0.111111112
3609,2,0,0
3610,2,0,0
3611,8,0,0
3612,5,0,0
3613,6,1,0.166666672
3614,4,1,0.25
3615,8,0,0
3616,5,0,0
3617,3,1,0.333333343
3618,3,0,0
3619,3,3,1
3620,7,1,0.142857149
3621,8,2,0.25
3622,3,0,0
3623,6,2,0.333333343
3624,4,1,0.25
3625,7,0,0
3626,6,0,0
3627,5,1,0.200000003
3628,7,1,0.142857149
3629,4,2,0.5
3630,3,0,0
3631,3,0,0
3632,7,3,0.428571433
3633,7,1,0.142857149
3634,8,0,0
3635,4,1,0.25
3636,5,1,0.200000003
3637,6,0,0
3638,2,0,0
3639,6,0,0
3640,3,1,0.333333343
3641,9,0,0
3642,2,0,0
3643,3,0,0
3644,4,1,0.25
3645,1,0,0
3646,3,1,0.333333343
3647,9,0,0
3648,5,1,0.200000003
3649,6,0,0
3650,3,0,0
3651,3,1,0.333333343
3652,5,1,0.200000003
3653,6,1,0.166666672
3654,4,1,0.25
3655,6,0,0
3656,3,1,0.333333343
3657,5,0,0
3658,4,0,0
3659,6,2,0.333333343
3660,6,0,0
3661,3,0,0
3662,6,1,0.166666672
3663,1,0,0
3664,7,1,0.142857149
3665,3,2,0.666666687
3666,4,0,0
3667,2,0,0
3668,4,0,0
3669,8,1,0.125
3670,3,1,0.333333343
3671,3,1,0.333333343
3672,7,2,0.285714298
3673,4,2,0.5
3674,5,1,0.200000003
3675,8,3,0.375
3676,8,0,0
3677,8,4,0.5
3678,6,0,0
3679,7,0,0
3680,1,0,0
3681,6,2,0.333333343
3682,3,0,0
3683,1,0,0
3684,5,2,0.400000006
3685,4,1,0.25
3686,9,0,0
3687,8,1,0.125
3688,5,2,0.400000006
3689,6,0,0
3690,2,0,0
3691,9,2,0.222222224
3692,3,0,0
3693,2,0,0
3694,2,0,0
3695,1,0,0
3696,4,0,0
3697,7,2,0.285714298
3698,9,2,0.222222224
3699,4,1,0.25
3700,2,0,0
3701,4,0,0
3702,4,0,0
3703,3,0,0
3704,7,0,0
3705,5,0,0
3706,7,0,0
3707,3,1,0.333333343
3708,5,0,0
3709,6,2,0.333333343
3710,9,1,0.111111112
3711,9,0,0
3712,7,1,0.142857149
3713,2,1,0.5
3714,9,1,0.111111112
3715,6,2,0.333333343
3716,4,0,0
3717,9,4,0.444444448
3718,5,0,0
3719,7,1,0.142857149
3720,4,0,0
3721,3,1,0.333333343
3722,4,0,0
3723,7,0,0
3724,7,2,0.285714298
3725,4,0,0
3726,4,1,0.25
3727,6,0,0
3728,1,1,1
3729,3,0,0
3730,3,0,0
3731,9,1,0.111111112
3732,8,1,0.125
3733,9,3,0.333333343
3734,6,2,0.333333343
3735,5,1,0.200000003
3736,4,0,0
3737,7,0,0
3738,9,2,0.222222224
3739,5,0,0
3740,5,3,0.600000024
3741,1,0,0
3742,4,0,0
3743,6,0,0
3744,4,1,0.25
3745,6,1,0.166666672
3746,10,1,0.100000001
3747,4,1,0.25
3748,10,1,0.100000001
3749,6,0,0
3750,7,1,0.142857149
3751,3,2,0.666666687
3752,8,2,0.25
3753,4,1,0.25
3754,5,0,0
3755,4,0,0
3756,5,1,0.200000003
3757,3,0,0
3758,2,1,0.5
3759,6,3,0.5
3760,5,0,0
3761,5,0,0
3762,11,1,0.0909090936
3763,6,0,0
3764,7,0,0
3765,5,1,0.200000003
3766,7,1,0.142857149
3767,9,3,0.333333343
3768,3,0,0
3769,3,1,0.333333343
3770,7,1,0.142857149
3771,5,0,0
3772,4,0,0
3773,4,0,0
3774,6,0,0
3775,7,1,0.142857149
3776,3,1,0.333333343
3777,6,2,0.333333343
3778,4,0,0
3779,5,1,0.200000003
3780,9,1,0.111111112
3781,3,0,0
3782,7,1,0.142857149
3783,8,1,0.125
3784,3,0,0
3785,4,2,0.5
3786,5,4,0.800000012
3787,10,2,0.200000003
3788,3,0,0
3789,6,0,0
3790,3,0,0
3791,4,0,0
3792,7,1,0.142857149
3793,3,0,0
3794,1,0,0
3795,7,0,0
3796,14,3,0.214285716
3797,8,1,0.125
3798,5,0,0
3799,8,0,0
3800,7,0,0
3801,2,0,0
3802,9,3,0.333333343
3803,8,0,0
3804,4,0,0
3805,6,0,0
3806,3,1,0.333333343
3807,6,1,0.166666672
3808,6,2,0.333333343
3809,1,0,0
3810,9,1,0.111111112
3811,2,0,0
3812,4,1,0.25
3813,7,0,0
3814,1,0,0
3815,8,1,0.125
3816,9,2,0.222222224
3817,6,0,0
3818,5,1,0.200000003
3819,4,1,0.25
3820,7,0,0
3821,5,1,0.200000003
3822,1,0,0
3823,6,2,0.333333343
3824,6,0,0
3825,3,1,0.333333343
3826,5,1,0.200000003
3827,3,0,0
3828,2,1,0.5
3829,3,1,0.333333343
3830,3,0,0
3831,2,0,0
3832,7,1,0.142857149
3833,5,1,0.200000003
3834,5,1,0.200000003
3835,5,0,0
3836,6,2,0.333333343
3837,4,0,0
3838,7,0,0
3839,5,2,0.400000006
3840,5,1,0.200000003
3841,2,1,0.5
3842,3,1,0.333333343
3843,5,0,0
3844,3,1,0.333333343
3845,6,1,0.166666672
3846,6,1,0.166666672
3847,6,0,0
3848,5,0,0
3849,9,0,0
3850,2,0,0
3851,4,1,0.25
3852,4,0,0
3853,4,0,0
3854,2,0,0
3855,1,0,0
3856,6,1,0.166666672
3857,2,1,0.5
3858,5,1,0.200000003
3859,4,2,0.5
3860,8,0,0
3861,8,2,0.25
3862,5,0,0
3863,7,0,0
3864,4,0,0
3865,5,0,0
3866,1,0,0
3867,4,1,0.25
3868,3,0,0
3869,5,0,0
3870,3,0,0
3871,5,2,0.400000006
3872,7,4,0.571428597
3873,1,0,0
3874,3,1,0.333333343
3875,3,1,0.333333343
3876,6,0,0
3877,4,0,0
3878,4,1,0.25
3879,2,0,0
3880,6,1,0.166666672
3881,5,1,0.200000003
3882,4,0,0
3883,4,1,0.25
3884,9,0,0
3885,10,2,0.200000003
3886,2,0,0
3887,8,1,0.125
3888,7,1,0.142857149
3889,6,1,0.166666672
3890,5,2,0.400000006
3891,5,0,0
3892,4,0,0
3893,5,2,0.400000006
3894,3,1,0.333333343
3895,7,0,0
3896,3,0,0
3897,5,2,0.400000006
3898,7,1,0.142857149
3899,1,0,0
3900,4,0,0
3901,7,0,0
3902,7,2,0.285714298
3903,7,1,0.142857149
3904,1,0,0
3905,8,4,0.5
3906,4,0,0
3907,9,0,0
3908,2,0,0
3909,9,3,0.333333343
3910,5,0,0
3911,3,1,0.333333343
3912,4,1,0.25
3913,3,1,0.333333343
3914,2,0,0
3915,10,1,0.100000001
3916,6,1,0.166666672
3917,3,1,0.333333343
3918,6,0,0
3919,4,0,0
3920,3,0,0
3921,4,0,0
3922,2,0,0
3923,5,0,0
3924,4,1,0.25
3925,4,0,0
3926,5,2,0.400000006
3927,5,0,0
3928,4,1,0.25
3929,5,0,0
3930,9,2,0.222222224
3931,8,3,0.375
3932,4,1,0.25
3933,5,0,0
3934,9,2,0.222222224
3935,6,1,0.166666672
3936,7,3,0.428571433
3937,6,2,0.333333343
3938,7,1,0.142857149
3939,1,0,0
3940,3,0,0
3941,4,0,0
3942,4,0,0
3943,8,1,0.125
3944,3,0,0
3945,7,2,0.285714298
3946,4,1,0.25
3947,3,0,0
3948,5,0,0
3949,6,2,0.333333343
3950,3,1,0.333333343
3951,5,0,0
3952,6,2,0.333333343
3953,1,0,0
3954,3,1,0.333333343
3955,7,0,0
3956,3,0,0
3957,3,0,0
3958,4,0,0
3959,6,1,0.166666672
3960,4,1,0.25
3961,1,0,0
3962,3,3,1
3963,2,0,0
3964,3,1,0.333333343
3965,4,0,0
3966,5,0,0
3967,6,2,0.333333343
3968,2,0,0
3969,1,0,0
3970,6,0,0
3971,4,0,0
3972,4,0,0
3973,3,1,0.333333343
3974,2,0,0
3975,10,1,0.100000001
3976,5,1,0.200000003
3977,2,0,0
3978,6,1,0.166666672
3979,12,3,0.25
3980,7,0,0
3982,3,0,0
3983,4,0,0
3984,5,1,0.200000003
3985,3,1,0.333333343
3986,3,0,0
3987,3,0,0
3988,3,1,0.333333343
3989,4,1,0.25
3990,4,0,0
3991,5,1,0.200000003
3992,2,0,0
3993,5,0,0
3994,5,2,0.400000006
3995,8,1,0.125
3996,6,1,0.166666672
3997,3,0,0
3998,3,0,0
3999,7,1,0.142857149
4000,4,0,0
4001,6,2,0.333333343
4002,7,0,0
4003,3,0,0
4004,6,0,0
4005,10,2,0.200000003
4006,3,0,0
4007,5,1,0.200000003
4008,5,0,0
4009,8,1,0.125
4010,5,2,0.400000006
4011,4,0,0
4012,3,0,0
4013,10,2,0.200000003
4014,6,0,0
4015,2,1,0.5
4016,4,1,0.25
4017,3,1,0.333333343
4018,12,0,0
4019,3,0,0
4020,4,1,0.25
4021,5,2,0.400000006
4022,8,1,0.125
4023,3,0,0
4024,3,1,0.333333343
4025,5,0,0
4026,4,0,0
4027,4,2,0.5
4028,2,0,0
4029,7,3,0.428571433
4030,6,2,0.333333343
4031,4,2,0.5
4032,5,1,0.200000003
4033,3,1,0.333333343
4034,4,1,0.25
4035,1,0,0
4036,8,1,0.125
4037,7,4,0.571428597
4038,3,1,0.333333343
4039,7,1,0.142857149
4040,4,0,0
4041,4,0,0
4042,4,1,0.25
4043,2,0,0
4044,2,1,0.5
4045,4,0,0
4046,5,0,0
4047,5,2,0.400000006
4048,3,0,0
4049,4,0,0
4050,7,0,0
4051,6,3,0.5
4052,5,1,0.200000003
4053,7,2,0.285714298
4054,4,0,0
4055,8,1,0.125
4056,2,0,0
4057,5,0,0
4058,5,0,0
4059,6,1,0.166666672
4060,5,1,0.200000003
4061,8,0,0
4062,7,1,0.142857149
4063,4,0,0
4064,8,1,0.125
4065,5,1,0.200000003
4066,6,0,0
4067,5,0,0
4068,5,0,0
4069,6,0,0
4070,4,3,0.75
4071,4,2,0.5
4072,3,0,0
4073,8,2,0.25
4075,2,0,0
4076,5,2,0.400000006
4077,2,0,0
4078,3,1,0.333333343
4079,7,0,0
4080,4,1,0.25
4081,4,1,0.25
4082,4,0,0
4083,3,0,0
4084,6,2,0.333333343
4085,4,1,0.25
4086,8,2,0.25
4087,7,1,0.142857149
4088,1,0,0
4089,2,1,0.5
4090,4,1,0.25
4091,4,0,0
4092,10,2,0.200000003
4093,7,2,0.285714298
4094,1,0,0
4095,7,1,0.142857149
4096,2,1,0.5
4097,4,1,0.25
4098,5,0,0
4099,4,2,0.5
4100,5,0,0
4101,5,3,0.600000024
4102,7,2,0.285714298
4103,6,0,0
4104,3,0,0
4105,5,0,0
4106,4,1,0.25
4107,2,1,0.5
4108,6,1,0.166666672
4109,3,0,0
4110,5,1,0.200000003
4111,3,0,0
4112,3,0,0
4113,4,2,0.5
4114,4,0,0
4115,6,0,0
4116,2,1,0.5
4117,5,1,0.200000003
4118,2,0,0
4119,4,0,0
4120,2,0,0
4121,5,0,0
4123,6,2,0.333333343
4124,7,1,0.142857149
4125,5,0,0
4126,4,0,0
4127,4,0,0
4128,5,0,0
4129,7,1,0.142857149
4130,7,0,0
4131,3,0,0
4132,5,1,0.200000003
4133,8,2,0.25
4134,4,1,0.25
4135,4,0,0
4136,5,1,0.200000003
4137,7,1,0.142857149
4138,4,0,0
4139,5,1,0.200000003
4140,3,0,0
4141,4,0,0
4142,4,1,0.25
4143,2,0,0
4144,5,2,0.400000006
4145,5,1,0.200000003
4146,2,0,0
4147,3,1,0.333333343
4148,10,0,0
4149,4,0,0
4150,7,1,0.142857149
4151,3,0,0
4152,3,1,0.333333343
4153,10,0,0
4154,2,0,0
4155,6,1,0.166666672
4157,7,2,0.285714298
4158,7,0,0
4159,2,0,0
4160,1,0,0
4161,3,1,0.333333343
4162,4,1,0.25
4163,4,0,0
4164,4,1,0.25
4165,6,1,0.166666672
4166,6,3,0.5
4167,2,0,0
4168,4,0,0
4169,3,1,0.333333343
4170,6,1,0.166666672
4171,8,0,0
4172,4,0,0
4173,4,0,0
4174,3,1,0.333333343
4175,6,1,0.166666672
4176,2,1,0.5
4177,3,2,0.666666687
4178,2,0,0
4179,3,1,0.333333343
4180,6,0,0
4181,2,0,0
4182,7,1,0.142857149
4183,7,0,0
4184,5,0,0
4185,4,0,0
4186,7,2,0.285714298
4187,6,0,0
4188,5,1,0.200000003
4189,3,1,0.333333343
4190,6,0,0
4191,3,0,0
4192,4,0,0
4193,3,0,0
4194,6,1,0.166666672
4195,6,0,0
4196,2,0,0
4197,3,0,0
4198,3,0,0
4199,6,0,0
4200,5,3,0.600000024
4201,6,1,0.166666672
4202,8,0,0
4203,7,0,0
4204,2,0,0
4205,5,0,0
4206,5,0,0
4207,6,0,0
4208,4,1,0.25
4209,2,0,0
4210,5,1,0.200000003
4211,3,0,0
4212,4,0,0
4213,2,0,0
4214,4,2,0.5
4215,5,2,0.400000006
4216,4,0,0
4217,6,0,0
4218,5,1,0.200000003
4219,2,0,0
4220,2,2,1
4221,2,0,0
4222,3,1,0.333333343
4223,3,1,0.333333343
4224,8,2,0.25
4225,3,1,0.333333343
4226,3,0,0
4227,2,0,0
4228,6,1,0.166666672
4229,4,0,0
4230,2,2,1
4231,6,1,0.166666672
4232,6,0,0
4233,3,0,0
4234,7,1,0.142857149
4235,3,0,0
4236,6,2,0.333333343
4237,3,1,0.333333343
4238,4,0,0
4239,3,1,0.333333343
4240,2,0,0
4241,2,0,0
4242,3,1,0.333333343
4243,5,0,0
4244,1,0,0
4245,4,1,0.25
4246,8,0,0
4247,4,0,0
4248,6,0,0
4249,4,1,0.25
4250,7,2,0.285714298
4251,4,1,0.25
4252,3,0,0
4253,4,0,0
4254,5,0,0
4255,3,1,0.333333343
4256,3,1,0.333333343
4257,2,0,0
4258,7,1,0.142857149
4259,3,0,0
4260,4,2,0.5
4261,3,0,0
4262,6,3,0.5
4263,6,1,0.166666672
4264,4,0,0
4265,8,3,0.375
4266,6,0,0
4267,3,0,0
4268,7,2,0.285714298
4269,5,0,0
4270,4,0,0
4271,5,2,0.400000006
4272,5,1,0.200000003
4273,4,0,0
4274,3,1,0.333333343
4275,7,0,0
4276,5,0,0
4277,4,0,0
4278,3,0,0
4279,3,0,0
4280,3,0,0
4281,2,0,0
4282,8,2,0.25
4283,2,0,0
4284,5,0,0
4285,3,0,0
4286,6,2,0.333333343
4287,2,0,0
4288,4,0,0
4289,5,2,0.400000006
4290,3,1,0.333333343
4291,2,1,0.5
4292,6,0,0
4293,7,0,0
4294,8,1,0.125
4295,3,0,0
4296,4,0,0
4297,3,0,0
4298,5,1,0.200000003
4299,5,1,0.200000003
4300,3,1,0.333333343
4301,7,1,0.142857149
4302,6,1,0.166666672
4303,3,1,0.333333343
4304,2,0,0
4305,5,0,0
4306,3,0,0
4307,4,0,0
4308,3,0,0
4309,5,1,0.200000003
4310,3,2,0.666666687
4311,5,0,0
4312,1,0,0
4313,4,1,0.25
4314,5,0,0
4315,6,0,0
4316,4,0,0
4317,8,2,0.25
4318,1,1,1
4319,5,0,0
4320,4,1,0.25
4321,4,1,0.25
4322,5,1,0.200000003
4323,6,3,0.5
4324,2,0,0
4325,5,0,0
4326,3,0,0
4327,3,1,0.333333343
4328,2,0,0
4329,5,0,0
4330,7,4,0.571428597
4331,5,1,0.200000003
4332,6,0,0
4333,9,2,0.222222224
4334,5,1,0.200000003
4335,4,0,0
4336,1,0,0
4337,6,1,0.166666672
4338,6,1,0.166666672
4339,7,1,0.142857149
4341,1,0,0
4342,3,0,0
4343,5,2,0.400000006
4344,5,1,0.200000003
4345,3,0,0
4346,8,1,0.125
4347,5,0,0
4348,6,1,0.166666672
4349,3,0,0
4350,4,2,0.5
4351,2,0,0
4352,7,1,0.142857149
4353,3,0,0
4354,5,0,0
4355,2,0,0
4356,3,0,0
4357,5,0,0
4358,10,2,0.200000003
4359,3,0,0
4360,2,0,0
4361,2,1,0.5
4362,4,1,0.25
4363,11,1,0.0909090936
4364,6,1,0.166666672
4365,6,2,0.333333343
4366,5,0,0
4367,5,1,0.200000003
4368,3,0,0
4369,5,1,0.200000003
4370,5,1,0.200000003
4371,3,0,0
4372,1,0,0
4373,2,0,0
4374,2,1,0.5
4375,2,0,0
4376,3,0,0
4377,2,0,0
4378,5,1,0.200000003
4379,3,0,0
4380,4,0,0
4381,8,0,0
4382,3,0,0
4383,4,2,0.5
4384,5,0,0
4385,8,2,0.25
4386,1,0,0
4387,5,0,0
4388,4,2,0.5
4389,6,2,0.333333343
4390,1,0,0
4391,2,0,0
4392,2,0,0
4393,5,2,0.400000006
4394,1,0,0
4395,6,0,0
4396,6,1,0.166666672
4397,2,0,0
4398,6,0,0
4399,6,0,0
4400,1,1,1
4401,2,0,0
4402,1,0,0
4403,5,0,0
4404,4,1,0.25
4405,3,0,0
4406,3,0,0
4407,3,0,0
4408,5,1,0.200000003
4409,5,2,0.400000006
4410,7,1,0.142857149
4411,7,0,0
4412,3,0,0
4413,2,0,0
4414,2,0,0
4415,4,1,0.25
4416,8,3,0.375
4417,5,2,0.400000006
4418,5,1,0.200000003
4419,2,0,0
4420,7,1,0.142857149
4421,5,0,0
4422,5,1,0.200000003
4423,3,0,0
4424,7,1,0.142857149
4425,3,1,0.333333343
4426,5,0,0
4427,6,1,0.166666672
4428,5,0,0
4429,4,1,0.25
4430,1,0,0
4431,2,1,0.5
4432,4,0,0
4433,3,1,0.333333343
4434,10,2,0.200000003
4435,4,0,0
4436,2,1,0.5
4437,6,1,0.166666672
4438,6,2,0.333333343
4439,4,0,0
4440,2,0,0
4441,4,1,0.25
4442,6,0,0
4443,2,1,0.5
4444,6,0,0
4446,4,0,0
4447,6,0,0
4448,6,2,0.333333343
4449,5,0,0
4450,1,0,0
4451,1,0,0
4452,6,0,0
4453,2,0,0
4454,5,1,0.200000003
4456,2,0,0
4457,4,0,0
4458,3,0,0
4459,4,0,0
4460,2,0,0
4461,4,0,0
4462,6,1,0.166666672
4463,6,0,0
4464,3,0,0
4465,10,1,0.100000001
4466,5,0,0
4467,5,2,0.400000006
4468,5,2,0.400000006
4469,5,1,0.200000003
4470,3,0,0
4471,1,0,0
4472,4,0,0
4473,6,0,0
4474,6,1,0.166666672
4475,3,0,0
4476,5,2,0.400000006
4477,5,1,0.200000003
4478,4,0,0
4479,5,0,0
4480,6,0,0
4482,3,0,0
4483,2,0,0
4484,2,1,0.5
4485,8,0,0
4486,9,3,0.333333343
4487,3,0,0
4488,9,2,0.222222224
4489,4,1,0.25
4491,4,0,0
4492,3,0,0
4493,5,0,0
4494,3,1,0.333333343
4495,6,1,0.166666672
4496,4,0,0
4497,9,2,0.222222224
4498,8,0,0
4499,2,0,0
4500,3,1,0.333333343
4501,6,1,0.166666672
4502,4,0,0
4503,8,1,0.125
4504,4,0,0
4505,5,0,0
4506,6,2,0.333333343
4508,1,0,0
4509,5,0,0
4510,2,0,0
4511,3,0,0
4512,4,1,0.25
4513,5,3,0.600000024
4514,3,1,0.333333343
4515,5,0,0
4516,4,0,0
4517,2,0,0
4518,5,2,0.400000006
4519,5,0,0
4520,5,1,0.200000003
4521,3,0,0
4522,3,0,0
4523,7,1,0.142857149
4524,6,0,0
4525,1,1,1
4526,8,2,0.25
4527,4,2,0.5
4528,2,0,0
4529,6,0,0
4530,7,1,0.142857149
4531,9,0,0
4532,7,2,0.285714298
4533,4,0,0
4534,7,2,0.285714298
4535,6,2,0.333333343
4536,3,0,0
4537,3,0,0
4538,3,1,0.333333343
4539,2,0,0
4540,7,0,0
4541,4,0,0
4542,4,1,0.25
4543,6,0,0
4544,2,0,0
4545,5,0,0
4546,2,0,0
4547,2,0,0
4548,6,2,0.333333343
4549,3,1,0.333333343
4550,5,1,0.200000003
4551,4,1,0.25
4552,5,1,0.200000003
4553,3,0,0
4554,2,0,0
4555,2,0,0
4556,4,1,0.25
4557,5,0,0
4558,5,0,0
4559,4,1,0.25
4561,3,1,0.333333343
4562,6,0,0
4563,2,0,0
4564,4,0,0
4565,5,0,0
4566,5,0,0
4567,5,0,0
4568,5,0,0
4569,5,1,0.200000003
4570,2,0,0
4571,6,1,0.166666672
4572,4,2,0.5
4573,3,1,0.333333343
4574,3,0,0
4575,8,0,0
4576,6,1,0.166666672
4577,10,1,0.100000001
4578,3,0,0
4579,3,0,0
4580,9,0,0
4581,4,0,0
4582,5,2,0.400000006
4583,4,0,0
4584,2,0,0
4585,8,3,0.375
4586,3,0,0
4587,3,2,0.666666687
4588,4,0,0
4589,4,2,0.5
4590,3,1,0.333333343
4592,7,2,0.285714298
4593,4,0,0
4594,8,2,0.25
4595,5,0,0
4596,5,1,0.200000003
4597,9,1,0.111111112
4598,4,1,0.25
4599,3,0,0
4600,5,2,0.400000006
4601,1,0,0
4602,1,0,0
4603,4,1,0.25
4604,4,0,0
4605,4,0,0
4606,1,0,0
4607,8,0,0
4608,4,1,0.25
4609,7,2,0.285714298
4610,4,0,0
4611,5,2,0.400000006
4612,2,0,0
4613,2,0,0
4614,8,3,0.375
4615,3,1,0.333333343
4616,6,1,0.166666672
4617,3,0,0
4618,6,0,0
4619,2,1,0.5
4620,4,1,0.25
4621,3,1,0.333333343
4622,3,0,0
4623,5,1,0.200000003
4624,6,0,0
4625,1,0,0
4626,6,0,0
4627,5,1,0.200000003
4628,4,1,0.25
4629,6,1,0.166666672
4630,4,0,0
4631,10,2,0.200000003
4632,5,1,0.200000003
4633,3,1,0.333333343
4634,7,0,0
4635,8,1,0.125
4636,5,1,0.200000003
4637,2,1,0.5
4638,6,0,0
4639,4,0,0
4640,3,1,0.333333343
4641,3,0,0
4642,2,0,0
4643,1,0,0
4644,3,1,0.333333343
4645,4,2,0.5
4646,1,0,0
4647,1,0,0
4648,5,0,0
4649,1,0,0
4650,1,0,0
4651,7,2,0.285714298
4652,3,1,0.333333343
4653,3,0,0
4654,5,0,0
4655,4,1,0.25
4656,5,0,0
4657,8,0,0
4658,3,1,0.333333343
4659,5,0,0
4660,3,1,0.333333343
4661,7,2,0.285714298
4662,1,0,0
4663,4,0,0
4664,9,0,0
4665,6,2,0.333333343
4666,1,1,1
4667,6,0,0
4668,2,0,0
4669,7,1,0.142857149
4670,7,0,0
4671,8,4,0.5
4672,2,0,0
4673,5,1,0.200000003
4674,2,1,0.5
4675,4,1,0.25
4676,3,0,0
4677,2,0,0
4678,3,0,0
4680,2,0,0
4681,5,1,0.200000003
4682,4,0,0
4683,7,1,0.142857149
4684,1,0,0
4685,4,0,0
4686,4,0,0
4687,1,1,1
4688,5,0,0
4689,3,1,0.333333343
4690,2,0,0
4691,5,0,0
4692,2,0,0
4693,2,0,0
4694,4,2,0.5
4695,6,2,0.333333343
4696,8,1,0.125
4697,4,0,0
4698,4,1,0.25
4699,6,0,0
4700,8,1,0.125
4701,2,0,0
4702,1,0,0
4703,3,0,0
4704,2,0,0
4705,1,0,0
4706,6,1,0.166666672
4707,1,0,0
4708,4,1,0.25
4709,3,0,0
4710,3,0,0
4711,8,1,0.125
4712,2,0,0
4713,3,0,0
4714,6,1,0.166666672
4715,4,1,0.25
4716,2,0,0
4717,8,2,0.25
4718,2,0,0
4719,3,0,0
4720,2,0,0
4721,3,1,0.333333343
4722,3,0,0
4723,4,1,0.25
4724,2,0,0
4725,4,0,0
4726,4,1,0.25
4727,7,0,0
4728,4,0,0
4729,2,0,0
4730,3,2,0.666666687
4731,2,0,0
4732,4,0,0
4733,6,1,0.166666672
4734,1,0,0
4735,1,0,0
4736,4,1,0.25
4737,4,0,0
4738,8,1,0.125
4739,2,0,0
4740,3,0,0
4741,3,0,0
4742,3,2,0.666666687
4743,3,0,0
4744,9,2,0.222222224
4745,6,0,0
4746,2,1,0.5
4747,3,0,0
4748,3,1,0.333333343
4749,6,0,0
4750,3,0,0
4751,3,0,0
4752,3,0,0
4753,9,2,0.222222224
4754,4,2,0.5
4755,4,1,0.25
4756,7,3,0.428571433
4757,2,0,0
4758,4,1,0.25
4759,3,0,0
4760,3,1,0.333333343
4761,3,0,0
4762,4,1,0.25
4763,2,0,0
4765,3,0,0
4766,4,1,0.25
4767,5,0,0
4768,2,0,0
4769,4,2,0.5
4770,4,1,0.25
4771,5,1,0.200000003
4772,7,0,0
4773,2,0,0
4774,8,1,0.125
4775,6,0,0
4776,4,0,0
4777,4,0,0
4778,2,2,1
4779,4,1,0.25
4780,5,1,0.200000003
4781,5,0,0
4782,2,2,1
4784,1,0,0
4785,2,0,0
4786,1,1,1
4787,5,1,0.200000003
4788,4,0,0
4789,4,2,0.5
4790,5,0,0
4791,3,0,0
4792,4,0,0
4793,4,0,0
4794,1,0,0
4795,3,0,0
4796,8,3,0.375
4797,2,0,0
4798,4,2,0.5
4799,5,0,0
4800,4,1,0.25
4801,3,0,0
4802,3,0,0
4803,6,1,0.166666672
4804,8,0,0
4805,2,0,0
4806,2,0,0
4807,4,0,0
4808,5,0,0
4809,2,0,0
4810,4,0,0
4811,5,0,0
4812,6,0,0
4813,3,0,0
4814,3,0,0
4815,3,0,0
4816,2,0,0
4817,5,0,0
4818,4,0,0
4819,6,1,0.166666672
4820,8,4,0.5
4821,3,1,0.333333343
4822,3,0,0
4823,1,0,0
4824,3,0,0
4825,2,0,0
4826,4,0,0
4828,4,0,0
4829,8,1,0.125
4830,5,1,0.200000003
4831,4,0,0
4832,3,1,0.333333343
4833,2,0,0
4834,3,1,0.333333343
4835,2,0,0
4836,8,2,0.25
4837,4,1,0.25
4838,7,0,0
4839,6,2,0.333333343
4840,2,0,0
4841,2,0,0
4842,3,0,0
4843,5,0,0
4844,4,1,0.25
4845,6,1,0.166666672
4846,3,0,0
4847,4,0,0
4848,4,0,0
4849,4,0,0
4850,5,1,0.200000003
4851,3,0,0
4852,6,1,0.166666672
4853,2,1,0.5
4854,2,1,0.5
4855,4,0,0
4856,6,1,0.166666672
4858,1,0,0
4859,1,1,1
4860,1,0,0
4861,8,0,0
4862,5,0,0
4863,5,0,0
4864,4,1,0.25
4865,3,0,0
4866,5,0,0
4867,3,1,0.333333343
4868,1,0,0
4869,6,1,0.166666672
4870,6,1,0.166666672
4872,7,0,0
4873,6,2,0.333333343
4874,2,1,0.5
4875,5,0,0
4876,5,1,0.200000003
4877,5,0,0
4878,7,1,0.142857149
4879,5,1,0.200000003
4880,2,0,0
4881,4,1,0.25
4882,2,0,0
4883,3,0,0
4884,9,0,0
4885,8,0,0
4886,4,1,0.25
4887,3,1,0.333333343
4888,6,1,0.166666672
4889,5,0,0
4890,4,0,0
4891,4,0,0
4892,1,0,0
4893,3,0,0
4895,3,0,0
4896,6,1,0.166666672
4897,6,1,0.166666672
4898,2,1,0.5
4899,2,0,0
4900,1,0,0
4901,8,0,0
4902,2,1,0.5
4903,7,1,0.142857149
4904,4,0,0
4906,6,1,0.166666672
4907,3,2,0.666666687
4908,5,1,0.200000003
4909,2,1,0.5
4910,1,0,0
4911,4,1,0.25
4912,10,2,0.200000003
4913,3,0,0
4914,5,1,0.200000003
4915,4,0,0
4916,7,1,0.142857149
4917,2,0,0
4918,1,0,0
4919,3,0,0
4920,2,1,0.5
4921,5,0,0
4922,4,0,0
4923,3,0,0
4924,6,0,0
4925,2,0,0
4926,1,0,0
4927,2,0,0
4928,3,0,0
4929,4,0,0
4930,4,0,0
4931,4,1,0.25
4932,3,0,0
4933,1,0,0
4934,3,0,0
4935,2,0,0
4936,6,1,0.166666672
4937,1,0,0
4938,6,3,0.5
4939,3,0,0
4940,4,0,0
4941,2,1,0.5
4942,9,1,0.111111112
4943,5,0,0
4944,3,0,0
4945,2,0,0
4946,2,0,0
4947,5,0,0
4948,7,2,0.285714298
4949,6,2,0.333333343
4950,6,0,0
4951,4,0,0
4952,2,0,0
4953,3,1,0.333333343
4954,2,1,0.5
4955,5,1,0.200000003
4956,3,0,0
4957,5,1,0.200000003
4958,3,1,0.333333343
4959,4,0,0
4960,6,1,0.166666672
4961,3,0,0
4962,3,1,0.333333343
4963,5,4,0.800000012
4964,2,0,0
4965,2,1,0.5
4966,4,1,0.25
4967,3,2,0.666666687
4968,8,0,0
4969,5,0,0
4970,8,1,0.125
4971,3,0,0
4972,6,1,0.166666672
4973,5,0,0
4974,1,0,0
4975,2,0,0
4976,2,0,0
4977,2,1,0.5
4978,5,0,0
4979,5,0,0
4980,4,0,0
4981,5,1,0.200000003
4982,4,0,0
4983,6,1,0.166666672
4984,4,0,0
4985,6,1,0.166666672
4986,7,1,0.142857149
4987,2,2,1
4988,2,0,0
4989,4,1,0.25
4990,2,0,0
4991,5,2,0.400000006
4992,6,0,0
4993,4,0,0
4994,5,0,0
4995,2,0,0
4996,1,0,0
4997,3,1,0.333333343
4998,3,0,0
4999,4,0,0
5000,6,0,0
5001,2,0,0
5002,4,0,0
5003,5,0,0
5004,2,0,0
5005,2,0,0
5006,5,0,0
5007,2,1,0.5
5008,4,0,0
5009,4,0,0
5010,2,1,0.5
5011,5,1,0.200000003
5012,3,0,0
5013,5,1,0.200000003
5014,3,1,0.333333343
5015,1,0,0
5016,3,0,0
5017,2,1,0.5
5018,4,0,0
5019,7,2,0.285714298
5020,4,1,0.25
5021,2,0,0
5022,2,0,0
5023,5,1,0.200000003
5024,5,1,0.200000003
5025,6,0,0
5026,4,0,0
5027,2,0,0
5028,5,0,0
5029,4,1,0.25
5030,8,2,0.25
5031,9,1,0.111111112
5032,6,3,0.5
5033,3,1,0.333333343
5034,5,2,0.400000006
5035,5,0,0
5036,2,0,0
5037,6,0,0
5038,3,1,0.333333343
5039,3,0,0
5040,2,1,0.5
5041,3,1,0.333333343
5042,2,1,0.5
5043,5,1,0.200000003
5044,3,0,0
5045,4,0,0
5046,4,0,0
5047,1,0,0
5048,2,0,0
5049,3,0,0
5050,9,1,0.111111112
5051,2,0,0
5052,5,3,0.600000024
5053,2,0,0
5054,2,0,0
5055,6,1,0.166666672
5056,9,1,0.111111112
5057,4,0,0
5058,3,1,0.333333343
5059,3,1,0.333333343
5060,3,0,0
5061,5,0,0
5062,4,2,0.5
5063,4,1,0.25
5064,2,0,0
5065,3,0,0
5066,7,1,0.142857149
5067,3,0,0
5068,5,1,0.200000003
5069,5,1,0.200000003
5070,4,0,0
5071,1,0,0
5072,4,0,0
5073,4,2,0.5
5074,2,0,0
5075,1,0,0
5076,4,1,0.25
5077,2,0,0
5078,4,0,0
5079,4,1,0.25
5080,2,2,1
5081,2,0,0
5082,2,0,0
5083,6,1,0.166666672
5084,1,0,0
5085,3,2,0.666666687
5086,4,0,0
5087,4,1,0.25
5088,1,0,0
5089,4,0,0
5090,3,1,0.333333343
5091,5,0,0
5092,2,0,0
5093,4,0,0
5094,4,1,0.25
5095,2,1,0.5
5096,4,1,0.25
5097,3,0,0
5098,4,0,0
5099,5,0,0
5100,2,0,0
5101,5,1,0.200000003
5103,3,0,0
5104,3,0,0
5105,8,2,0.25
5106,4,1,0.25
5107,2,0,0
5108,3,0,0
5109,1,0,0
5110,3,0,0
5111,3,0,0
5112,3,1,0.333333343
5113,1,0,0
5114,1,0,0
5115,3,1,0.333333343
5116,5,0,0
5117,2,0,0
5118,3,1,0.333333343
5119,6,1,0.166666672
5120,5,1,0.200000003
5121,3,0,0
5122,3,0,0
5123,5,1,0.200000003
5124,1,0,0
5125,1,0,0
5126,2,0,0
5128,4,0,0
5129,4,0,0
5130,5,0,0
5131,8,1,0.125
5133,4,2,0.5
5134,4,1,0.25
5135,5,2,0.400000006
5136,2,0,0
5137,6,0,0
5138,6,2,0.333333343
5139,2,0,0
5140,4,2,0.5
5141,6,3,0.5
5142,4,1,0.25
5143,6,0,0
5144,1,0,0
5145,3,0,0
5146,7,1,0.142857149
5147,4,0,0
5148,3,0,0
5149,6,0,0
5150,6,0,0
5151,4,1,0.25
5152,1,0,0
5153,3,0,0
5154,7,1,0.142857149
5155,3,0,0
5156,3,1,0.333333343
5157,4,1,0.25
5158,3,0,0
5159,1,0,0
5160,3,2,0.666666687
5161,5,1,0.200000003
5162,2,0,0
5163,3,1,0.333333343
5164,2,1,0.5
5165,3,2,0.666666687
5166,3,1,0.333333343
5167,2,0,0
5168,2,0,0
5169,5,2,0.400000006
5170,2,0,0
5171,6,1,0.166666672
5172,4,0,0
5173,2,1,0.5
5174,6,1,0.166666672
5175,3,0,0
5176,4,0,0
5177,4,0,0
5178,5,2,0.400000006
5179,1,0,0
5180,1,0,0
5181,5,1,0.200000003
5182,3,0,0
5183,4,0,0
5184,2,0,0
5186,8,4,0.5
5187,3,0,0
5188,2,0,0
5189,2,1,0.5
5190,7,1,0.142857149
5191,2,0,0
5192,1,0,0
5193,6,2,0.333333343
5194,4,1,0.25
5195,5,0,0
5196,3,0,0
5198,5,1,0.200000003
5199,4,0,0
5200,4,0,0
5201,2,1,0.5
5202,3,0,0
5203,5,0,0
5204,3,0,0
5205,3,1,0.333333343
5206,6,1,0.166666672
5208,3,1,0.333333343
5209,4,0,0
5210,1,0,0
5211,2,1,0.5
5212,1,0,0
5213,1,0,0
5214,5,0,0
5215,4,0,0
5216,2,1,0.5
5217,2,1,0.5
5218,4,1,0.25
5219,4,1,0.25
5220,4,1,0.25
5221,1,0,0
5222,7,1,0.142857149
5223,2,0,0
5225,6,0,0
5226,5,1,0.200000003
5227,6,1,0.166666672
5228,6,0,0
5229,1,0,0
5230,4,0,0
5231,3,0,0
5232,2,0,0
5233,3,0,0
5234,1,0,0
5235,4,2,0.5
5236,3,0,0
5237,4,0,0
5238,4,1,0.25
5239,1,0,0
5240,6,0,0
5241,2,0,0
5242,7,0,0
5243,1,0,0
5244,3,1,0.333333343
5245,2,1,0.5
5246,5,0,0
5247,2,0,0
5248,2,0,0
5249,2,0,0
5250,1,0,0
5251,3,0,0
5252,3,0,0
5253,5,0,0
5254,2,0,0
5255,3,1,0.333333343
5256,1,0,0
5257,2,0,0
5258,2,1,0.5
5259,5,0,0
5260,3,0,0
5261,1,1,1
5262,3,0,0
5263,5,2,0.400000006
5264,2,0,0
5265,2,0,0
5266,3,1,0.333333343
5267,2,0,0
5268,3,0,0
5269,5,0,0
5270,6,1,0.166666672
5271,4,0,0
5272,1,0,0
5273,3,0,0
5274,6,1,0.166666672
5275,3,1,0.333333343
5276,5,2,0.400000006
5277,4,0,0
5278,6,1,0.166666672
5279,1,0,0
5280,1,0,0
5281,4,0,0
5282,2,1,0.5
5283,4,0,0
5284,3,0,0
5285,1,0,0
5286,5,0,0
5287,6,1,0.166666672
5288,3,0,0
5289,3,0,0
5290,4,0,0
5291,4,1,0.25
5292,2,1,0.5
5293,3,2,0.666666687
5294,2,0,0
5295,4,2,0.5
5296,6,0,0
5297,4,1,0.25
5298,5,2,0.400000006
5299,6,1,0.166666672
5300,4,1,0.25
5301,7,2,0.285714298
5302,4,1,0.25
5303,1,0,0
5304,2,0,0
5305,7,0,0
5306,6,0,0
5307,2,0,0
5308,6,0,0
5309,6,1,0.166666672
5310,4,0,0
5311,7,1,0.142857149
5312,2,0,0
5313,3,0,0
5314,2,1,0.5
5315,3,0,0
5316,3,1,0.333333343
5317,2,0,0
5318,3,0,0
5319,4,0,0
5320,2,0,0
5321,4,0,0
5322,7,1,0.142857149
5323,1,0,0
5325,4,1,0.25
5326,5,0,0
5327,3,0,0
5328,1,0,0
5329,6,2,0.333333343
5330,5,1,0.200000003
5331,3,0,0
5332,3,0,0
5333,6,3,0.5
5334,4,0,0
5335,3,0,0
5336,5,1,0.200000003
5337,4,1,0.25
5338,6,2,0.333333343
5339,6,0,0
5340,3,0,0
5341,4,0,0
5342,3,0,0
5343,6,1,0.166666672
5344,2,0,0
5345,5,0,0
5346,2,0,0
5347,3,1,0.333333343
5348,2,0,0
5349,1,0,0
5350,3,1,0.333333343
5351,3,0,0
5352,5,0,0
5353,7,1,0.142857149
5354,3,0,0
5355,3,1,0.333333343
5356,4,1,0.25
5357,1,0,0
5358,4,1,0.25
5359,3,2,0.666666687
5360,1,0,0
5361,5,0,0
5362,2,0,0
5363,3,1,0.333333343
5364,4,2,0.5
5365,2,0,0
5366,3,1,0.333333343
5367,1,0,0
5368,4,0,0
5370,4,0,0
5371,2,1,0.5
5372,1,0,0
5373,3,0,0
5374,3,0,0
5375,5,0,0
5376,2,0,0
5377,6,1,0.166666672
5378,6,1,0.166666672
5379,6,0,0
5380,6,1,0.166666672
5381,4,0,0
5382,4,1,0.25
5383,3,0,0
5384,1,0,0
5385,7,1,0.142857149
5386,2,0,0
5387,4,0,0
5388,3,0,0
5389,3,0,0
5390,5,2,0.400000006
5391,6,0,0
5392,5,1,0.200000003
5393,2,2,1
5394,3,2,0.666666687
5395,2,0,0
5396,7,1,0.142857149
5397,2,1,0.5
5398,1,0,0
5399,3,0,0
5400,3,0,0
5401,3,1,0.333333343
5402,3,0,0
5403,4,1,0.25
5404,6,1,0.166666672
5405,2,1,0.5
5406,3,0,0
5407,8,1,0.125
5408,2,0,0
5409,3,1,0.333333343
5410,4,1,0.25
5411,1,1,1
5412,5,0,0
5413,3,0,0
5414,3,1,0.333333343
5415,7,1,0.142857149
5416,5,2,0.400000006
5417,6,1,0.166666672
5418,3,0,0
5419,3,0,0
5420,4,1,0.25
5421,5,2,0.400000006
5422,1,0,0
5423,4,1,0.25
5424,3,0,0
5425,4,0,0
5426,2,0,0
5427,2,1,0.5
5428,3,1,0.333333343
5429,4,0,0
5430,3,0,0
5431,3,0,0
5432,1,0,0
5433,4,0,0
5434,2,2,1
5435,3,0,0
5436,3,0,0
5437,2,0,0
5438,5,1,0.200000003
5440,5,0,0
5441,4,1,0.25
5442,3,1,0.333333343
5443,3,1,0.333333343
5444,4,1,0.25
5445,9,2,0.222222224
5446,4,0,0
5447,3,0,0
5448,1,0,0
5449,4,0,0
5450,1,0,0
5451,3,1,0.333333343
5452,3,0,0
5453,2,0,0
5454,3,1,0.333333343
5455,4,1,0.25
5456,5,1,0.200000003
5457,3,1,0.333333343
5458,4,0,0
5459,2,1,0.5
5460,4,1,0.25
5461,4,0,0
5462,2,0,0
5463,6,0,0
5464,4,1,0.25
5465,4,3,0.75
5466,5,1,0.200000003
5467,2,0,0
5468,4,0,0
5469,4,0,0
5470,3,0,0
5471,2,1,0.5
5472,2,0,0
5473,3,0,0
5474,5,1,0.200000003
5475,3,1,0.333333343
5476,5,1,0.200000003
5477,4,2,0.5
5478,2,0,0
5479,3,0,0
5480,8,0,0
5481,3,0,0
5482,4,1,0.25
5483,4,0,0
5484,5,0,0
5485,8,1,0.125
5486,3,1,0.333333343
5487,3,0,0
5488,8,1,0.125
5489,3,2,0.666666687
5490,4,0,0
5491,4,0,0
5492,3,0,0
5493,8,1,0.125
5494,1,0,0
5495,5,0,0
5496,4,1,0.25
5497,6,2,0.333333343
5498,3,0,0
5499,6,1,0.166666672
5500,3,0,0
5501,4,0,0
5502,5,1,0.200000003
5503,5,0,0
5504,2,0,0
5505,5,0,0
5506,1,0,0
5507,1,0,0
5508,1,0,0
5509,4,0,0
5510,8,3,0.375
5511,3,0,0
5512,1,0,0
5513,3,0,0
5514,2,1,0.5
5515,1,1,1
5517,3,1,0.333333343
5518,6,1,0.166666672
5519,6,2,0.333333343
5520,2,0,0
5521,1,0,0
5522,4,0,0
5523,2,0,0
5524,3,0,0
5525,2,0,0
5526,4,0,0
5528,1,0,0
5529,2,0,0
5530,1,0,0
5531,4,0,0
5532,2,0,0
5533,3,0,0
5534,2,0,0
5535,4,0,0
5536,2,0,0
5537,7,1,0.142857149
5538,6,1,0.166666672
5540,1,0,0
5541,4,1,0.25
5542,7,1,0.142857149
5543,2,0,0
5544,2,1,0.5
5545,2,0,0
5546,4,0,0
5547,6,3,0.5
5548,5,0,0
5549,2,1,0.5
5550,1,0,0
5551,4,1,0.25
5552,2,1,0.5
5553,6,3,0.5
5554,3,1,0.333333343
5555,7,1,0.142857149
5556,3,1,0.333333343
5557,4,1,0.25
5558,4,0,0
5560,3,1,0.333333343
5561,5,0,0
5562,4,0,0
5564,2,0,0
5565,3,0,0
5566,9,2,0.222222224
5567,4,1,0.25
5568,5,1,0.200000003
5569,3,0,0
5570,4,3,0.75
5571,2,0,0
5572,2,1,0.5
5573,3,0,0
5574,4,0,0
5575,6,1,0.166666672
5576,6,2,0.333333343
5577,7,2,0.285714298
5578,4,0,0
5579,9,2,0.222222224
5580,5,1,0.200000003
5581,3,0,0
5582,1,0,0
5583,4,0,0
5584,4,0,0
5586,1,1,1
5587,2,1,0.5
5588,1,0,0
5589,4,0,0
5590,4,0,0
5591,3,0,0
5592,3,1,0.333333343
5593,4,1,0.25
5594,5,1,0.200000003
5596,2,0,0
5597,6,1,0.166666672
5598,7,0,0
5599,4,0,0
5600,6,1,0.166666672
5601,4,1,0.25
5602,3,1,0.333333343
5603,4,1,0.25
5604,5,0,0
5605,5,0,0
5606,5,0,0
5607,2,0,0
5608,5,0,0
5609,1,0,0
5610,5,3,0.600000024
5611,6,0,0
5612,5,1,0.200000003
5613,4,1,0.25
5614,2,0,0
5615,6,0,0
5616,2,0,0
5617,4,3,0.75
5618,6,0,0
5619,4,2,0.5
5620,4,0,0
5621,4,1,0.25
5622,4,0,0
5624,2,0,0
5625,4,2,0.5
5626,1,0,0
5628,4,1,0.25
5629,1,0,0
5630,2,0,0
5631,3,0,0
5632,2,1,0.5
5633,1,1,1
5634,1,1,1
5635,3,0,0
5636,5,1,0.200000003
5638,3,0,0
5639,3,1,0.333333343
5640,9,2,0.222222224
5641,5,1,0.200000003
5642,2,0,0
5643,2,0,0
5644,4,1,0.25
5645,1,0,0
5646,3,0,0
5647,6,1,0.166666672
5648,2,0,0
5649,4,1,0.25
5650,4,1,0.25
5651,2,1,0.5
5652,4,0,0
5653,3,0,0
5654,3,0,0
5655,3,0,0
5656,8,0,0
5657,7,0,0
5658,5,2,0.400000006
5659,1,0,0
5660,1,1,1
5661,2,0,0
5663,8,1,0.125
5665,3,1,0.333333343
5666,4,0,0
5667,7,1,0.142857149
5668,4,0,0
5669,6,2,0.333333343
5670,4,0,0
5671,1,0,0
5672,3,0,0
5673,4,1,0.25
5674,3,0,0
5675,4,1,0.25
5676,3,0,0
5678,1,1,1
5679,3,0,0
5680,2,0,0
5681,6,1,0.166666672
5682,5,0,0
5683,1,0,0
5684,3,2,0.666666687
5685,4,0,0
5686,5,1,0.200000003
5687,3,2,0.666666687
5688,4,0,0
5689,3,0,0
5690,2,0,0
5691,5,0,0
5692,5,1,0.200000003
5693,5,1,0.200000003
5694,2,0,0
5695,5,3,0.600000024
5696,3,1,0.333333343
5697,1,0,0
5698,4,3,0.75
5699,3,1,0.333333343
5700,2,0,0
5701,5,0,0
5702,1,0,0
5703,6,0,0
5704,5,0,0
5705,3,0,0
5706,3,1,0.333333343
5707,5,1,0.200000003
5708,1,0,0
5709,3,0,0
5710,2,0,0
5711,4,1,0.25
5712,5,1,0.200000003
5713,4,0,0
5714,4,0,0
5715,2,0,0
5716,3,0,0
5718,3,0,0
5719,3,0,0
5720,4,1,0.25
5721,3,1,0.333333343
5722,4,1,0.25
5723,2,0,0
5724,2,0,0
5725,2,0,0
5726,2,0,0
5727,7,2,0.285714298
5728,3,1,0.333333343
5729,3,0,0
5730,3,0,0
5731,5,1,0.200000003
5732,2,0,0
5733,2,0,0
5734,2,1,0.5
5735,3,0,0
5736,2,0,0
5737,1,1,1
5738,3,2,0.666666687
5739,1,0,0
5740,2,0,0
5741,3,1,0.333333343
5742,3,0,0
5743,3,0,0
5744,5,2,0.400000006
5745,3,0,0
5746,5,1,0.200000003
5747,3,0,0
5748,3,0,0
5749,1,0,0
5750,3,1,0.333333343
5751,8,1,0.125
5752,4,0,0
5753,8,2,0.25
5754,2,0,0
5755,3,1,0.333333343
5756,6,0,0
5757,3,0,0
5758,6,2,0.333333343
5759,1,0,0
5760,4,0,0
5761,4,1,0.25
5762,7,2,0.285714298
5763,4,0,0
5764,2,0,0
5765,3,0,0
5766,5,0,0
5767,7,0,0
5768,7,1,0.142857149
5769,1,0,0
5770,2,0,0
5771,2,0,0
5772,3,0,0
5773,7,2,0.285714298
5774,4,1,0.25
5775,1,1,1
5776,1,0,0
5777,3,1,0.333333343
5778,3,1,0.333333343
5779,3,1,0.333333343
5780,2,0,0
5781,5,3,0.600000024
5782,5,0,0
5783,2,0,0
5785,1,0,0
5786,2,1,0.5
5787,3,1,0.333333343
5788,6,1,0.166666672
5789,5,1,0.200000003
5790,3,1,0.333333343
5791,2,0,0
5792,3,1,0.333333343
5793,1,0,0
5794,5,2,0.400000006
5795,2,0,0
5796,2,0,0
5797,5,3,0.600000024
5798,8,3,0.375
5799,5,0,0
5800,5,0,0
5801,5,0,0
5802,5,1,0.200000003
5803,5,1,0.200000003
5804,3,0,0
5805,4,1,0.25
5806,4,0,0
5807,5,0,0
5808,2,0,0
5809,7,0,0
5810,7,2,0.285714298
5811,5,1,0.200000003
5812,1,0,0
5813,4,0,0
5814,5,1,0.200000003
5815,4,0,0
5816,4,0,0
5817,5,0,0
5818,5,0,0
5819,5,0,0
5820,3,0,0
5821,3,1,0.333333343
5822,3,1,0.333333343
5823,1,0,0
5824,1,1,1
5825,1,0,0
5826,3,0,0
5827,4,1,0.25
5829,4,0,0
5830,3,0,0
5831,1,1,1
5832,3,0,0
5833,5,2,0.400000006
5834,3,0,0
5835,3,0,0
5836,5,0,0
5837,4,0,0
5838,3,0,0
5839,2,0,0
5840,7,1,0.142857149
5842,2,0,0
5843,4,0,0
5844,1,0,0
5845,4,2,0.5
5846,2,1,0.5
5847,5,3,0.600000024
5848,3,0,0
5849,3,0,0
5850,4,0,0
5851,5,1,0.200000003
5852,5,2,0.400000006
5853,1,0,0
5854,2,0,0
5855,5,0,0
5856,7,2,0.285714298
5857,4,0,0
5858,5,2,0.400000006
5859,8,0,0
5860,2,0,0
5861,4,0,0
5862,1,0,0
5863,1,0,0
5864,4,0,0
5865,4,0,0
5866,4,2,0.5
5867,4,1,0.25
5868,3,1,0.333333343
5869,2,0,0
5870,5,0,0
5871,2,0,0
5872,4,1,0.25
5873,7,1,0.142857149
5874,8,1,0.125
5875,5,2,0.400000006
5876,4,0,0
5877,5,0,0
5878,2,0,0
5879,1,0,0
5880,2,1,0.5
5881,3,0,0
5882,1,0,0
5883,2,0,0
5884,7,0,0
5885,3,0,0
5886,5,2,0.400000006
5887,6,0,0
5888,3,0,0
5889,3,0,0
5890,4,1,0.25
5891,3,1,0.333333343
5892,3,1,0.333333343
5893,3,1,0.333333343
5894,1,0,0
5895,3,0,0
5896,5,1,0.200000003
5897,3,0,0
5898,3,0,0
5899,2,1,0.5
5900,7,1,0.142857149
5901,4,1,0.25
5902,3,0,0
5903,5,1,0.200000003
5904,3,1,0.333333343
5905,1,0,0
5906,6,0,0
5907,2,0,0
5908,5,1,0.200000003
5909,2,0,0
5910,5,0,0
5911,3,1,0.333333343
5912,2,0,0
5913,3,1,0.333333343
5914,2,0,0
5915,6,0,0
5916,1,0,0
5917,3,0,0
5918,4,1,0.25
5919,5,0,0
5920,3,1,0.333333343
5921,1,0,0
5922,3,0,0
5923,1,0,0
5924,2,0,0
5925,1,0,0
5926,5,1,0.200000003
5927,1,1,1
5929,2,0,0
5930,5,0,0
5931,3,0,0
5932,7,0,0
5933,2,0,0
5934,2,1,0.5
5935,3,0,0
5936,3,0,0
5937,2,0,0
5938,2,1,0.5
5939,2,0,0
5940,1,0,0
5942,6,2,0.333333343
5944,2,2,1
5945,1,0,0
5946,3,0,0
5947,3,1,0.333333343
5948,2,0,0
5949,6,0,0
5950,1,0,0
5951,1,0,0
5952,1,0,0
5953,5,1,0.200000003
5954,2,0,0
5955,1,0,0
5956,4,0,0
5957,4,0,0
5958,3,1,0.333333343
5959,1,0,0
5960,4,0,0
5962,5,1,0.200000003
5963,2,0,0
5964,4,2,0.5
5965,4,1,0.25
5966,4,1,0.25
5967,2,0,0
5968,3,2,0.666666687
5969,5,1,0.200000003
5970,3,0,0
5971,5,0,0
5972,4,0,0
5973,3,1,0.333333343
5974,1,0,0
5975,2,0,0
5976,4,0,0
5977,4,2,0.5
5978,9,1,0.111111112
5979,3,0,0
5980,4,0,0
5981,3,0,0
5982,3,0,0
5983,3,0,0
5984,2,1,0.5
5985,2,1,0.5
5986,3,1,0.333333343
5987,1,0,0
5988,5,0,0
5989,3,0,0
5990,5,0,0
5991,3,0,0
5992,6,0,0
5993,3,0,0
5994,1,0,0
5995,1,0,0
5996,4,1,0.25
5997,2,0,0
5999,2,1,0.5
6000,7,1,0.142857149
6001,6,0,0
6002,2,0,0
6003,1,0,0
6004,4,0,0
6005,4,0,0
6006,3,1,0.333333343
6007,3,0,0
6008,1,0,0
6009,1,0,0
6010,3,0,0
6011,4,0,0
6012,2,1,0.5
6013,1,0,0
6014,2,1,0.5
6015,4,0,0
6016,4,1,0.25
6017,2,0,0
6019,5,2,0.400000006
6020,3,0,0
6021,6,1,0.166666672
6022,4,0,0
6023,2,0,0
6024,4,1,0.25
6025,5,0,0
6026,3,0,0
6027,4,1,0.25
6028,5,2,0.400000006
6029,2,0,0
6030,4,1,0.25
6031,6,2,0.333333343
6032,6,1,0.166666672
6033,5,1,0.200000003
6035,5,1,0.200000003
6036,6,0,0
6037,3,1,0.333333343
6038,2,1,0.5
6039,3,0,0
6040,2,0,0
6041,4,1,0.25
6042,5,2,0.400000006
6043,3,0,0
6044,2,0,0
6045,2,0,0
6046,4,1,0.25
6047,6,1,0.166666672
6048,7,0,0
6050,3,0,0
6051,2,0,0
6052,4,0,0
6053,3,0,0
6054,2,0,0
6055,4,2,0.5
6056,5,0,0
6057,6,1,0.166666672
6058,3,0,0
6059,2,0,0
6060,4,0,0
6061,3,0,0
6062,3,0,0
6063,2,0,0
6064,2,0,0
6065,2,0,0
6066,2,0,0
6068,3,0,0
6069,2,0,0
6070,3,1,0.333333343
6071,4,1,0.25
6072,8,3,0.375
6073,3,1,0.333333343
6074,1,0,0
6075,2,0,0
6076,2,0,0
6078,6,1,0.166666672
6079,4,2,0.5
6080,2,1,0.5
6081,8,0,0
6082,2,0,0
6083,6,1,0.166666672
6084,3,0,0
6085,1,0,0
6086,1,0,0
6087,1,0,0
6088,4,1,0.25
6089,2,1,0.5
6090,1,0,0
6091,3,1,0.333333343
6092,4,1,0.25
6093,5,2,0.400000006
6094,1,0,0
6095,3,0,0
6096,3,0,0
6097,7,0,0
6098,3,0,0
6099,2,1,0.5
6100,1,0,0
6101,1,0,0
6102,3,0,0
6103,5,1,0.200000003
6104,1,0,0
6105,2,1,0.5
6106,1,0,0
6107,2,0,0
6108,3,1,0.333333343
6109,2,1,0.5
6110,7,4,0.571428597
6111,2,0,0
6112,3,0,0
6113,5,1,0.200000003
6114,1,0,0
6115,7,0,0
6116,2,0,0
6117,6,2,0.333333343
6120,6,1,0.166666672
6121,4,1,0.25
6122,2,1,0.5
6123,2,1,0.5
6124,3,1,0.333333343
6125,2,1,0.5
6126,4,0,0
6127,1,1,1
6128,7,0,0
6129,4,0,0
6130,4,0,0
6131,3,0,0
6132,3,0,0
6133,3,0,0
6134,6,0,0
6135,3,1,0.333333343
6136,2,0,0
6137,2,1,0.5
6138,5,0,0
6139,2,1,0.5
6140,3,0,0
6142,4,1,0.25
6143,6,0,0
6144,1,0,0
6145,1,1,1
6146,2,0,0
6147,6,1,0.166666672
6148,5,2,0.400000006
6149,2,1,0.5
6150,1,1,1
6151,2,1,0.5
6152,6,1,0.166666672
6153,2,1,0.5
6154,4,1,0.25
6155,3,0,0
6156,2,0,0
6157,3,2,0.666666687
6158,3,0,0
6159,2,0,0
6160,4,0,0
6161,4,0,0
6162,3,0,0
6163,2,0,0
6164,4,0,0
6165,3,1,0.333333343
6166,4,1,0.25
6167,5,1,0.200000003
6168,2,1,0.5
6169,4,0,0
6170,1,0,0
6171,1,0,0
6172,3,0,0
6173,1,0,0
6174,5,3,0.600000024
6175,2,1,0.5
6176,4,0,0
6177,3,1,0.333333343
6178,3,1,0.333333343
6179,1,0,0
6180,5,2,0.400000006
6181,2,0,0
6182,2,0,0
6183,1,1,1
6184,4,0,0
6185,3,0,0
6187,5,0,0
6188,2,1,0.5
6189,5,0,0
6190,2,0,0
6191,2,0,0
6192,2,0,0
6193,3,0,0
6194,3,1,0.333333343
6195,3,0,0
6196,6,0,0
6197,3,1,0.333333343
6198,4,0,0
6199,1,1,1
6200,2,0,0
6202,5,0,0
6203,1,0,0
6204,4,1,0.25
6205,1,0,0
6206,4,0,0
6207,4,0,0
6208,2,0,0
6209,1,0,0
6210,3,0,0
6211,4,2,0.5
6212,5,2,0.400000006
6213,4,0,0
6215,5,1,0.200000003
6219,2,0,0
6220,2,1,0.5
6221,4,0,0
6222,5,0,0
6223,1,0,0
6224,2,1,0.5
6225,5,1,0.200000003
6226,3,0,0
6227,2,0,0
6228,1,1,1
6229,4,2,0.5
6230,5,0,0
6231,5,2,0.400000006
6232,4,0,0
6233,1,0,0
6234,3,0,0
6236,2,0,0
6237,4,3,0.75
6238,6,0,0
6239,5,0,0
6240,4,0,0
6241,5,0,0
6242,3,0,0
6243,5,0,0
6244,5,0,0
6245,5,0,0
6246,1,1,1
6247,1,1,1
6248,3,0,0
6249,2,1,0.5
6250,4,0,0
6251,2,1,0.5
6252,1,0,0
6253,2,0,0
6254,1,0,0
6255,1,0,0
6256,2,1,0.5
6257,3,0,0
6258,6,1,0.166666672
6259,4,1,0.25
6260,4,2,0.5
6261,2,0,0
6262,3,0,0
6263,2,0,0
6264,7,2,0.285714298
6265,1,0,0
6266,4,0,0
6267,2,0,0
6268,3,0,0
6269,5,2,0.400000006
6270,3,1,0.333333343
6271,6,0,0
6272,4,0,0
6274,6,0,0
6275,5,2,0.400000006
6276,2,0,0
6277,2,0,0
6278,4,0,0
6279,3,0,0
6280,1,0,0
6281,2,1,0.5
6282,3,0,0
6283,1,0,0
6284,6,0,0
6285,1,0,0
6286,3,0,0
6287,4,0,0
6288,7,0,0
6289,3,1,0.333333343
6290,2,0,0
6291,1,1,1
6292,3,0,0
6293,2,0,0
6294,2,0,0
6295,2,0,0
6296,5,0,0
6298,4,1,0.25
6299,3,1,0.333333343
6300,3,0,0
6301,2,2,1
6302,2,0,0
6303,5,0,0
6304,3,2,0.666666687
6305,2,0,0
6306,2,0,0
6307,3,0,0
6308,8,1,0.125
6309,3,0,0
6310,3,1,0.333333343
6311,6,1,0.166666672
6313,1,0,0
6314,4,0,0
6315,3,0,0
6316,3,0,0
6317,2,0,0
6318,3,0,0
6320,2,0,0
6321,1,1,1
6322,3,0,0
6323,3,1,0.333333343
6324,1,1,1
6325,4,0,0
6326,2,0,0
6327,3,0,0
6328,4,1,0.25
6329,5,0,0
6330,1,0,0
6331,3,0,0
6332,4,0,0
6333,2,0,0
6334,2,0,0
6335,5,2,0.400000006
6336,2,0,0
6337,3,1,0.333333343
6338,8,1,0.125
6339,2,1,0.5
6340,3,0,0
6341,2,1,0.5
6342,4,0,0
6343,1,0,0
6344,3,1,0.333333343
6345,2,0,0
6346,2,0,0
6347,4,0,0
6348,1,0,0
6349,2,0,0
6350,3,0,0
6351,3,1,0.333333343
6352,1,0,0
6353,2,0,0
6354,6,2,0.333333343
6355,1,0,0
6356,2,0,0
6357,1,0,0
6358,1,0,0
6359,4,1,0.25
6360,5,3,0.600000024
6361,5,0,0
6362,2,0,0
6363,4,1,0.25
6364,1,0,0
6365,2,0,0
6366,3,2,0.666666687
6367,1,1,1
6368,2,0,0
6369,3,1,0.333333343
6370,3,1,0.333333343
6372,4,1,0.25
6373,6,2,0.333333343
6374,5,0,0
6375,1,0,0
6376,3,0,0
6377,5,2,0.400000006
6378,1,0,0
6379,4,0,0
6380,5,1,0.200000003
6381,1,0,0
6382,1,1,1
6383,2,0,0
6384,3,1,0.333333343
6385,2,0,0
6386,6,1,0.166666672
6387,4,1,0.25
6388,3,1,0.333333343
6389,4,1,0.25
6390,5,0,0
6391,4,0,0
6392,2,0,0
6393,4,0,0
6394,8,0,0
6395,5,0,0
6396,4,1,0.25
6397,1,0,0
6398,5,0,0
6399,4,1,0.25
6400,4,0,0
6401,2,1,0.5
6402,3,0,0
6403,5,0,0
6404,4,0,0
6405,2,0,0
6406,2,0,0
6407,1,0,0
6408,2,0,0
6409,3,1,0.333333343
6410,4,0,0
6411,2,0,0
6412,2,1,0.5
6413,3,0,0
6414,3,1,0.333333343
6415,2,1,0.5
6416,1,0,0
6417,3,0,0
6418,1,0,0
6419,3,1,0.333333343
6420,3,0,0
6422,4,0,0
6423,4,0,0
6424,2,0,0
6425,5,0,0
6426,6,1,0.166666672
6427,4,0,0
6428,1,0,0
6429,3,0,0
6430,2,1,0.5
6431,1,0,0
6432,3,0,0
6433,1,0,0
6434,3,0,0
6435,1,0,0
6436,4,0,0
6437,3,0,0
6438,5,1,0.200000003
6439,3,1,0.333333343
6440,5,0,0
6441,2,1,0.5
6442,7,1,0.142857149
6443,5,0,0
6444,1,0,0
6445,5,0,0
6446,5,1,0.200000003
6447,1,0,0
6448,2,0,0
6449,4,0,0
6450,4,1,0.25
6451,3,0,0
6452,5,2,0.400000006
6453,3,0,0
6454,2,0,0
6455,2,0,0
6456,6,0,0
6457,5,1,0.200000003
6458,3,0,0
6459,3,0,0
6460,5,1,0.200000003
6461,1,1,1
6462,2,0,0
6463,2,1,0.5
6464,2,0,0
6465,1,0,0
6466,5,1,0.200000003
6467,4,0,0
6468,2,0,0
6469,1,0,0
6470,5,1,0.200000003
6471,2,1,0.5
6472,4,0,0
6473,2,0,0
6474,6,2,0.333333343
6475,1,0,0
6476,1,0,0
6477,4,1,0.25
6478,1,1,1
6479,1,0,0
6480,1,0,0
6481,3,0,0
6482,4,0,0
6483,4,0,0
6484,1,0,0
6485,5,1,0.200000003
6486,6,1,0.166666672
6487,2,0,0
6488,3,1,0.333333343
6489,2,1,0.5
6490,3,1,0.333333343
6491,2,2,1
6492,2,0,0
6493,3,0,0
6494,2,0,0
6495,3,0,0
6496,4,1,0.25
6497,5,2,0.400000006
6498,2,1,0.5
6499,2,1,0.5
6500,6,0,0
6501,2,1,0.5
6502,4,1,0.25
6503,4,0,0
6504,3,1,0.333333343
6505,2,1,0.5
6506,6,0,0
6507,4,0,0
6508,3,1,0.333333343
6509,2,1,0.5
6510,3,0,0
6511,3,1,0.333333343
6512,1,1,1
6513,5,1,0.200000003
6514,4,0,0
6515,2,1,0.5
6517,5,0,0
6518,4,1,0.25
6519,1,0,0
6520,5,2,0.400000006
6521,2,0,0
6522,5,0,0
6523,5,2,0.400000006
6524,1,0,0
6525,5,1,0.200000003
6526,1,0,0
6527,5,0,0
6529,2,0,0
6530,3,0,0
6531,2,0,0
6532,5,1,0.200000003
6533,2,0,0
6534,3,0,0
6535,4,0,0
6536,3,0,0
6537,2,0,0
6538,4,2,0.5
6539,4,0,0
6540,1,0,0
6541,2,0,0
6542,1,1,1
6543,1,0,0
6545,2,1,0.5
6546,3,1,0.333333343
6547,2,0,0
6548,2,0,0
6550,3,0,0
6551,2,2,1
6552,4,0,0
6553,6,0,0
6554,2,0,0
6555,4,1,0.25
6556,3,1,0.333333343
6557,2,1,0.5
6558,6,1,0.166666672
6559,3,0,0
6560,1,0,0
6561,2,0,0
6562,2,0,0
6563,1,1,1
6564,1,0,0
6565,3,0,0
6566,1,0,0
6567,5,0,0
6568,2,0,0
6569,5,0,0
6570,1,0,0
6571,3,0,0
6572,3,0,0
6573,5,2,0.400000006
6574,1,0,0
6575,2,0,0
6576,8,2,0.25
6577,2,1,0.5
6579,1,0,0
6580,3,1,0.333333343
6581,1,0,0
6582,3,0,0
6583,3,0,0
6584,3,1,0.333333343
6585,3,1,0.333333343
6586,2,0,0
6587,1,0,0
6588,2,1,0.5
6589,4,0,0
6590,3,1,0.333333343
6591,1,0,0
6592,2,0,0
6593,1,1,1
6594,4,1,0.25
6595,3,1,0.333333343
6596,4,0,0
6597,5,1,0.200000003
6599,3,1,0.333333343
6600,2,0,0
6601,4,0,0
6602,2,0,0
6603,4,1,0.25
6604,3,1,0.333333343
6606,3,1,0.333333343
6607,4,0,0
6608,2,0,0
6609,6,0,0
6610,1,0,0
6611,4,1,0.25
6612,5,0,0
6613,1,0,0
6614,1,0,0
6615,4,2,0.5
6616,3,0,0
6617,2,0,0
6618,1,0,0
6619,1,0,0
6620,2,1,0.5
6621,2,0,0
6622,3,0,0
6623,2,1,0.5
6624,4,2,0.5
6625,2,1,0.5
6626,2,0,0
6627,3,1,0.333333343
6628,1,0,0
6630,3,0,0
6631,5,2,0.400000006
6632,2,0,0
6633,3,1,0.333333343
6634,5,0,0
6635,1,1,1
6636,4,1,0.25
6637,2,0,0
6638,4,1,0.25
6639,2,0,0
6640,3,1,0.333333343
6641,4,0,0
6642,3,2,0.666666687
6643,3,1,0.333333343
6644,5,1,0.200000003
6646,1,1,1
6647,2,1,0.5
6649,4,1,0.25
6650,3,0,0
6651,3,0,0
6652,3,1,0.333333343
6653,6,2,0.333333343
6655,2,1,0.5
6656,5,0,0
6657,1,0,0
6658,6,1,0.166666672
6659,2,1,0.5
6660,1,0,0
6661,2,1,0.5
6662,6,0,0
6663,2,1,0.5
6664,3,1,0.333333343
6665,3,0,0
6666,1,0,0
6667,2,0,0
6668,5,0,0
6669,4,0,0
6670,2,0,0
6671,5,1,0.200000003
6672,2,1,0.5
6673,3,0,0
6674,4,0,0
6676,2,0,0
6677,2,0,0
6678,3,0,0
6679,2,1,0.5
6680,2,0,0
6681,6,2,0.333333343
6682,1,0,0
6683,5,1,0.200000003
6684,5,1,0.200000003
6685,3,0,0
6686,2,0,0
6687,4,0,0
6688,4,0,0
6689,2,0,0
6690,3,0,0
6691,3,0,0
6692,3,0,0
6693,4,2,0.5
6694,3,0,0
6695,1,0,0
6696,1,0,0
6697,3,0,0
6698,5,3,0.600000024
6699,4,0,0
6700,1,0,0
6701,7,1,0.142857149
6702,2,0,0
6703,2,0,0
6704,2,0,0
6705,1,0,0
6706,5,0,0
6707,7,1,0.142857149
6708,2,0,0
6709,1,1,1
6710,5,1,0.200000003
6712,6,2,0.333333343
6713,1,1,1
6714,1,0,0
6715,4,0,0
6716,2,0,0
6717,4,2,0.5
6718,6,1,0.166666672
6719,4,0,0
6720,5,0,0
6721,3,0,0
6722,1,1,1
6723,2,1,0.5
6724,4,0,0
6725,4,0,0
6726,2,0,0
6727,3,0,0
6728,5,0,0
6729,4,0,0
6730,2,1,0.5
6731,2,0,0
6732,4,0,0
6733,2,1,0.5
6734,2,0,0
6735,4,0,0
6736,4,0,0
6737,2,0,0
6738,1,0,0
6739,3,0,0
6741,2,1,0.5
6742,1,0,0
6743,2,1,0.5
6745,6,1,0.166666672
6746,2,0,0
6747,4,0,0
6748,2,0,0
6749,3,0,0
6750,3,0,0
6751,3,1,0.333333343
6752,4,0,0
6753,2,1,0.5
6754,3,0,0
6756,3,1,0.333333343
6757,6,0,0
6758,4,0,0
6759,1,0,0
6760,5,1,0.200000003
6761,3,0,0
6762,4,0,0
6763,4,0,0
6764,4,0,0
6765,3,0,0
6766,2,1,0.5
6767,5,1,0.200000003
6768,4,0,0
6769,2,1,0.5
6771,2,1,0.5
6772,1,0,0
6773,1,1,1
6774,2,0,0
6775,3,1,0.333333343
6776,2,0,0
6777,1,1,1
6778,5,1,0.200000003
6779,1,0,0
6780,1,0,0
6781,1,0,0
6782,5,1,0.200000003
6783,2,0,0
6784,3,0,0
6785,6,0,0
6786,7,1,0.142857149
6787,3,1,0.333333343
6788,1,1,1
6790,1,0,0
6791,4,0,0
6792,2,0,0
6793,2,0,0
6794,5,2,0.400000006
6795,2,1,0.5
6796,4,1,0.25
6797,5,1,0.200000003
6798,4,0,0
6799,5,1,0.200000003
6800,1,0,0
6801,1,1,1
6802,4,2,0.5
6803,1,0,0
6804,3,0,0
6805,2,0,0
6806,2,0,0
6807,1,0,0
6808,3,0,0
6809,1,0,0
6810,2,0,0
6811,3,0,0
6812,3,0,0
6813,3,0,0
6814,3,1,0.333333343
6815,1,0,0
6816,2,0,0
6817,1,0,0
6818,3,0,0
6819,4,1,0.25
6820,4,0,0
6821,5,0,0
6822,3,2,0.666666687
6823,1,0,0
6824,2,0,0
6825,4,2,0.5
6826,2,0,0
6827,1,0,0
6828,3,0,0
6829,4,1,0.25
6830,2,0,0
6831,4,2,0.5
6832,4,1,0.25
6833,4,0,0
6834,5,0,0
6835,4,0,0
6836,4,1,0.25
6837,2,0,0
6838,1,0,0
6839,1,0,0
6840,2,0,0
6842,4,0,0
6843,3,0,0
6844,3,0,0
6845,3,0,0
6846,1,0,0
6847,3,0,0
6848,4,0,0
6849,3,0,0
6850,1,0,0
6851,3,1,0.333333343
6852,2,0,0
6854,8,1,0.125
6855,5,0,0
6856,3,0,0
6857,1,0,0
6858,2,0,0
6859,4,1,0.25
6860,3,1,0.333333343
6861,2,0,0
6862,3,0,0
6863,2,0,0
6864,3,1,0.333333343
6865,3,0,0
6866,3,0,0
6867,1,0,0
6868,3,0,0
6869,3,0,0
6870,3,1,0.333333343
6871,3,0,0
6872,3,0,0
6873,3,0,0
6874,1,0,0
6875,5,0,0
6876,2,0,0
6877,1,0,0
6878,2,2,1
6879,5,2,0.400000006
6880,3,1,0.333333343
6881,3,1,0.333333343
6883,2,0,0
6884,4,0,0
6885,3,1,0.333333343
6886,2,1,0.5
6887,2,0,0
6888,2,0,0
6889,4,0,0
6890,2,2,1
6891,3,0,0
6894,2,0,0
6895,2,0,0
6896,2,0,0
6897,3,1,0.333333343
6898,1,0,0
6899,5,1,0.200000003
6900,2,0,0
6901,5,1,0.200000003
6902,2,1,0.5
6903,3,0,0
6904,7,1,0.142857149
6905,3,0,0
6906,4,1,0.25
6908,8,1,0.125
6909,3,0,0
6910,7,1,0.142857149
6911,4,1,0.25
6912,5,1,0.200000003
6913,4,1,0.25
6914,2,0,0
6915,2,1,0.5
6916,1,1,1
6917,4,0,0
6918,4,0,0
6919,2,0,0
6920,2,0,0
6921,3,0,0
6922,2,0,0
6923,4,0,0
6924,4,0,0
6925,4,1,0.25
6926,3,0,0
6927,4,1,0.25
6928,2,0,0
6929,1,0,0
6930,1,0,0
6931,1,0,0
6933,4,1,0.25
6934,3,0,0
6935,2,0,0
6936,2,0,0
6937,2,1,0.5
6939,7,1,0.142857149
6940,3,1,0.333333343
6941,2,0,0
6942,3,1,0.333333343
6943,1,0,0
6944,6,2,0.333333343
6945,6,2,0.333333343
6947,3,1,0.333333343
6948,1,0,0
6950,4,2,0.5
6951,4,0,0
6952,2,0,0
6954,3,0,0
6956,2,0,0
6957,4,0,0
6958,2,0,0
6959,1,0,0
6960,6,0,0
6961,2,0,0
6962,5,2,0.400000006
6963,3,0,0
6964,3,1,0.333333343
6965,2,0,0
6966,1,0,0
6967,1,0,0
6968,2,2,1
6969,3,0,0
6970,3,1,0.333333343
6971,5,0,0
6972,1,0,0
6973,2,2,1
6974,3,0,0
6975,7,0,0
6976,3,0,0
6977,3,1,0.333333343
6978,3,1,0.333333343
6979,1,1,1
6980,1,0,0
6981,1,1,1
6982,5,1,0.200000003
6983,1,1,1
6984,2,0,0
6985,3,0,0
6986,1,0,0
6987,2,0,0
6988,1,0,0
6989,2,1,0.5
6990,4,1,0.25
6991,5,1,0.200000003
6992,4,1,0.25
6993,4,1,0.25
6994,3,1,0.333333343
6995,1,0,0
6996,4,0,0
6997,4,0,0
6998,1,0,0
6999,6,1,0.166666672
7000,2,0,0
7001,3,0,0
7002,5,0,0
7003,5,0,0
7004,4,1,0.25
7006,4,0,0
7007,2,2,1
7009,3,0,0
7010,2,0,0
7011,7,0,0
7014,3,0,0
7015,3,1,0.333333343
7016,1,0,0
7017,2,1,0.5
7018,6,0,0
7019,3,0,0
7020,2,0,0
7021,3,0,0
7022,4,0,0
7023,3,1,0.333333343
7024,3,1,0.333333343
7025,6,3,0.5
7026,2,0,0
7027,3,2,0.666666687
7028,2,0,0
7029,4,0,0
7030,5,0,0
7031,4,0,0
7032,2,0,0
7033,3,1,0.333333343
7034,3,1,0.333333343
7035,3,1,0.333333343
7036,1,0,0
7037,5,0,0
7038,1,1,1
7039,6,1,0.166666672
7040,3,0,0
7041,2,1,0.5
7042,1,0,0
7043,1,0,0
7045,2,0,0
7046,3,0,0
7047,2,0,0
7048,1,0,0
7049,2,1,0.5
7050,5,0,0
7051,5,1,0.200000003
7052,3,0,0
7053,5,0,0
7054,2,0,0
7055,1,0,0
7056,1,0,0
7057,4,0,0
7058,3,0,0
7059,3,0,0
7060,6,3,0.5
7061,2,1,0.5
7062,1,0,0
7063,1,0,0
7064,2,0,0
7065,4,1,0.25
7066,6,2,0.333333343
7067,4,0,0
7069,2,0,0
7071,2,0,0
7072,2,1,0.5
7073,1,0,0
7074,1,0,0
7075,3,0,0
7076,3,1,0.333333343
7077,3,0,0
7078,2,0,0
7079,3,1,0.333333343
7080,1,0,0
7081,2,0,0
7082,2,1,0.5
7083,2,0,0
7084,2,0,0
7085,4,0,0
7086,4,0,0
7087,6,1,0.166666672
7088,4,2,0.5
7089,3,0,0
7090,6,2,0.333333343
7091,2,0,0
7092,2,0,0
7093,3,0,0
7094,1,0,0
7095,2,0,0
7096,6,0,0
7097,1,1,1
7098,2,1,0.5
7099,5,1,0.200000003
7100,4,0,0
7101,3,0,0
7102,5,0,0
7103,5,1,0.200000003
7104,1,0,0
7105,4,0,0
7106,3,0,0
7107,2,0,0
7108,1,0,0
7109,2,0,0
7110,2,0,0
7111,1,0,0
7112,2,0,0
7113,3,1,0.333333343
7114,5,0,0
7115,6,4,0.666666687
7116,3,0,0
7118,5,2,0.400000006
7119,4,0,0
7120,2,0,0
7122,3,0,0
7123,2,0,0
7124,2,0,0
7126,5,1,0.200000003
7127,5,0,0
7128,1,0,0
7130,3,0,0
7131,1,0,0
7132,1,0,0
7133,2,0,0
7134,3,0,0
7135,2,0,0
7136,3,0,0
7137,2,0,0
7138,2,0,0
7139,3,0,0
7140,4,1,0.25
7141,3,0,0
7142,2,0,0
7143,2,1,0.5
7144,1,0,0
7145,3,0,0
7146,2,0,0
7148,1,0,0
7150,1,0,0
7151,3,0,0
7153,1,1,1
7154,3,0,0
7155,1,0,0
7156,4,0,0
7157,1,0,0
7158,3,0,0
7159,4,0,0
7160,2,0,0
7161,3,0,0
7162,2,1,0.5
7163,4,0,0
7164,3,0,0
7165,3,1,0.333333343
7166,1,0,0
7167,3,0,0
7168,4,0,0
7169,2,0,0
7170,3,0,0
7171,2,0,0
7172,2,1,0.5
7173,1,0,0
7174,2,1,0.5
7175,1,0,0
7176,2,0,0
7177,2,0,0
7178,3,1,0.333333343
7179,1,0,0
7180,2,0,0
7181,1,0,0
7182,3,1,0.333333343
7183,3,0,0
7184,2,1,0.5
7185,4,1,0.25
7186,2,0,0
7187,5,0,0
7188,5,0,0
7189,1,0,0
7190,3,0,0
7191,6,0,0
7192,2,0,0
7193,2,0,0
7194,3,0,0
7195,1,1,1
7196,3,1,0.333333343
7197,4,0,0
7199,1,0,0
7200,5,1,0.200000003
7201,3,1,0.333333343
7202,1,0,0
7203,3,1,0.333333343
7204,5,0,0
7205,2,0,0
7206,3,0,0
7207,3,0,0
7208,2,0,0
7209,4,0,0
7210,1,0,0
7211,1,0,0
7212,3,0,0
7213,1,0,0
7214,5,1,0.200000003
7215,3,0,0
7216,5,0,0
7217,2,0,0
7218,2,1,0.5
7219,1,0,0
7220,2,1,0.5
7221,3,1,0.333333343
7222,4,0,0
7223,4,0,0
7224,2,0,0
7225,6,1,0.166666672
7227,2,1,0.5
7228,3,1,0.333333343
7229,2,1,0.5
7230,1,0,0
7231,3,0,0
7233,2,0,0
7234,2,0,0
7235,3,1,0.333333343
7236,3,1,0.333333343
7237,2,0,0
7238,3,1,0.333333343
7239,1,0,0
7240,2,0,0
7241,4,0,0
7242,2,1,0.5
7243,4,0,0
7244,2,1,0.5
7246,4,0,0
7247,2,0,0
7248,1,1,1
7249,2,0,0
7250,2,0,0
7252,3,0,0
7253,3,1,0.333333343
7254,2,1,0.5
7256,2,0,0
7257,6,1,0.166666672
7258,3,0,0
7259,2,0,0
7260,2,0,0
7261,1,0,0
7262,1,0,0
7263,2,0,0
7264,7,2,0.285714298
7265,2,1,0.5
7266,1,0,0
7267,2,0,0
7268,2,2,1
7269,2,2,1
7270,3,0,0
7271,1,0,0
7272,6,1,0.166666672
7273,4,2,0.5
7274,3,1,0.333333343
7275,3,0,0
7276,3,0,0
7277,3,0,0
7278,4,0,0
7279,4,1,0.25
7280,3,0,0
7281,5,0,0
7282,4,0,0
7283,3,0,0
7284,3,0,0
7285,2,1,0.5
7286,2,1,0.5
7287,6,0,0
7288,3,0,0
7289,1,1,1
7290,1,1,1
7291,4,1,0.25
7292,5,2,0.400000006
7293,3,0,0
7294,2,0,0
7296,3,0,0
7298,5,1,0.200000003
7299,4,0,0
7300,6,1,0.166666672
7301,5,2,0.400000006
7302,1,0,0
7303,2,0,0
7304,1,0,0
7305,7,2,0.285714298
7307,3,0,0
7308,4,1,0.25
7309,1,1,1
7310,1,1,1
7311,5,1,0.200000003
7312,6,2,0.333333343
7313,5,2,0.400000006
7314,1,0,0
7315,3,1,0.333333343
7316,2,0,0
7317,3,1,0.333333343
7318,4,0,0
7319,5,0,0
7320,4,0,0
7321,3,1,0.333333343
7322,2,1,0.5
7323,2,0,0
7324,6,1,0.166666672
7325,1,0,0
7326,1,0,0
7327,1,0,0
7328,1,0,0
7329,4,0,0
7330,3,0,0
7331,4,0,0
7332,4,0,0
7333,3,0,0
7334,2,1,0.5
7335,3,0,0
7336,4,0,0
7337,2,0,0
7338,5,0,0
7339,2,0,0
7341,1,0,0
7342,2,0,0
7343,3,0,0
7344,6,1,0.166666672
7345,2,0,0
7346,2,1,0.5
7347,2,1,0.5
7348,1,0,0
7349,5,0,0
7350,3,0,0
7351,1,0,0
7352,2,0,0
7353,1,0,0
7354,3,1,0.333333343
7355,2,0,0
7356,4,1,0.25
7357,2,2,1
7358,3,1,0.333333343
7359,4,2,0.5
7360,2,0,0
7361,2,0,0
7362,3,0,0
7363,4,0,0
7364,4,0,0
7365,1,0,0
7366,2,0,0
7367,4,1,0.25
7368,2,0,0
7369,3,1,0.333333343
7370,1,0,0
7371,1,0,0
7372,4,0,0
7373,2,0,0
7374,2,1,0.5
7375,4,0,0
7376,2,1,0.5
7377,3,0,0
7378,5,0,0
7379,2,0,0
7380,3,0,0
7381,2,0,0
7382,1,0,0
7383,2,0,0
7384,5,0,0
7385,2,0,0
7386,1,0,0
7387,2,0,0
7388,2,0,0
7389,3,0,0
7390,3,0,0
7391,3,1,0.333333343
7392,4,1,0.25
7393,4,1,0.25
7395,3,0,0
7396,2,0,0
7397,5,1,0.200000003
7399,2,0,0
7400,6,2,0.333333343
7401,4,2,0.5
7402,2,0,0
7403,6,1,0.166666672
7404,2,0,0
7405,4,0,0
7406,3,1,0.333333343
7407,2,0,0
7408,2,0,0
7409,2,0,0
7410,6,0,0
7411,3,0,0
7413,4,0,0
7414,1,0,0
7415,2,0,0
7416,3,1,0.333333343
7418,1,0,0
7419,3,1,0.333333343
7420,4,2,0.5
7421,2,0,0
7422,4,0,0
7425,1,1,1
7426,4,0,0
7427,3,2,0.666666687
7428,5,0,0
7429,5,1,0.200000003
7431,1,0,0
7433,2,0,0
7434,3,0,0
7435,2,1,0.5
7436,7,0,0
7437,3,1,0.333333343
7439,3,0,0
7440,3,1,0.333333343
7441,3,0,0
7442,3,0,0
7444,4,0,0
7445,5,0,0
7446,2,0,0
7447,1,0,0
7448,3,1,0.333333343
7449,1,0,0
7450,3,0,0
7451,4,0,0
7452,3,0,0
7453,3,0,0
7454,4,1,0.25
7455,2,1,0.5
7456,4,0,0
7457,6,1,0.166666672
7458,1,0,0
7459,2,0,0
7460,4,0,0
7461,2,0,0
7462,3,0,0
7463,3,0,0
7464,1,0,0
7465,1,0,0
7466,2,0,0
7467,2,0,0
7468,1,1,1
7469,1,0,0
7470,4,2,0.5
7471,3,0,0
7472,2,0,0
7473,4,0,0
7474,1,1,1
7475,1,0,0
7476,3,0,0
7477,6,1,0.166666672
7478,1,0,0
7479,3,0,0
7480,3,0,0
7481,3,0,0
7482,2,1,0.5
7483,1,1,1
7484,2,0,0
7485,2,0,0
7486,1,0,0
7487,2,1,0.5
7490,3,0,0
7491,3,0,0
7492,1,0,0
7493,2,0,0
7494,3,1,0.333333343
7495,2,0,0
7496,2,0,0
7497,1,0,0
7498,2,1,0.5
7499,2,0,0
7500,2,0,0
7501,1,0,0
7502,3,0,0
7503,6,2,0.333333343
7504,2,1,0.5
7506,3,0,0
7507,1,0,0
7508,4,0,0
7509,4,1,0.25
7511,3,0,0
7512,2,1,0.5
7513,3,0,0
7514,1,0,0
7515,5,2,0.400000006
7516,3,1,0.333333343
7517,1,1,1
7518,5,0,0
7519,4,0,0
7520,2,0,0
7522,2,0,0
7523,2,0,0
7524,2,0,0
7525,6,1,0.166666672
7526,2,1,0.5
7527,2,0,0
7528,4,1,0.25
7529,2,0,0
7530,6,1,0.166666672
7531,2,0,0
7532,6,0,0
7534,4,0,0
7535,3,0,0
7536,1,0,0
7537,2,0,0
7538,4,0,0
7539,1,0,0
7540,1,0,0
7541,1,1,1
7542,4,1,0.25
7543,2,0,0
7544,1,1,1
7545,5,1,0.200000003
7546,3,0,0
7547,2,0,0
7548,1,0,0
7549,1,0,0
7550,5,0,0
7551,3,0,0
7552,4,0,0
7553,3,0,0
7554,3,1,0.333333343
7555,3,1,0.333333343
7556,2,2,1
7557,3,1,0.333333343
7558,1,0,0
7559,1,1,1
7560,6,1,0.166666672
7561,3,2,0.666666687
7562,2,0,0
7563,3,0,0
7564,2,0,0
7565,3,0,0
7566,4,0,0
7567,4,0,0
7568,4,0,0
7569,2,0,0
7570,2,0,0
7572,4,0,0
7573,3,0,0
7574,3,1,0.333333343
7575,1,0,0
7576,3,0,0
7577,1,0,0
7578,3,1,0.333333343
7579,2,0,0
7580,2,0,0
7581,2,0,0
7582,5,3,0.600000024
7583,1,0,0
7584,3,0,0
7585,3,0,0
7586,3,0,0
7587,3,1,0.333333343
7588,2,0,0
7589,2,0,0
7590,2,0,0
7591,1,0,0
7592,4,1,0.25
7593,2,0,0
7594,2,1,0.5
7595,4,1,0.25
7596,3,0,0
7597,2,0,0
7598,3,2,0.666666687
7599,2,0,0
7600,2,1,0.5
7601,1,0,0
7602,1,0,0
7603,5,0,0
7604,1,0,0
7605,5,2,0.400000006
7606,1,1,1
7607,2,0,0
7608,2,0,0
7609,7,1,0.142857149
7611,4,1,0.25
7612,9,2,0.222222224
7614,3,0,0
7615,1,0,0
7616,5,0,0
7617,2,0,0
7618,4,0,0
7619,3,0,0
7620,2,1,0.5
7621,3,1,0.333333343
7622,1,0,0
7623,3,1,0.333333343
7624,1,0,0
7625,2,0,0
7626,4,2,0.5
7627,7,2,0.285714298
7628,2,1,0.5
7629,2,0,0
7630,3,0,0
7631,4,0,0
7632,1,0,0
7633,4,0,0
7634,2,0,0
7635,1,0,0
7636,2,1,0.5
7637,1,0,0
7638,3,1,0.333333343
7640,4,0,0
7641,2,0,0
7642,3,1,0.333333343
7643,4,0,0
7644,6,1,0.166666672
7645,1,0,0
7646,4,0,0
7647,2,0,0
7648,1,0,0
7649,1,0,0
7650,4,0,0
7651,3,1,0.333333343
7652,5,0,0
7653,6,0,0
7654,3,0,0
7655,3,0,0
7656,2,0,0
7657,5,1,0.200000003
7658,7,0,0
7659,1,0,0
7660,2,0,0
7661,5,1,0.200000003
7662,1,0,0
7663,1,0,0
7664,2,1,0.5
7666,4,0,0
7667,1,0,0
7668,2,1,0.5
7669,2,0,0
7670,1,0,0
7671,3,1,0.333333343
7673,2,0,0
7674,3,1,0.333333343
7675,3,0,0
7676,5,2,0.400000006
7677,1,0,0
7678,4,1,0.25
7679,4,2,0.5
7680,2,0,0
7681,2,0,0
7682,2,1,0.5
7683,2,0,0
7684,4,1,0.25
7686,1,0,0
7688,1,0,0
7689,3,0,0
7690,1,0,0
7691,3,1,0.333333343
7692,2,1,0.5
7693,5,3,0.600000024
7694,2,0,0
7695,2,0,0
7696,3,0,0
7697,2,1,0.5
7699,3,0,0
7700,1,0,0
7701,4,1,0.25
7702,2,0,0
7703,2,2,1
7704,3,0,0
7705,4,2,0.5
7706,4,0,0
7707,4,1,0.25
7708,2,0,0
7709,1,0,0
7710,1,0,0
7711,2,1,0.5
7712,1,1,1
7713,2,1,0.5
7714,3,1,0.333333343
7715,2,0,0
7716,2,0,0
7717,2,0,0
7718,1,0,0
7719,6,1,0.166666672
7720,1,0,0
7721,5,1,0.200000003
7722,2,1,0.5
7723,2,0,0
7724,4,1,0.25
7725,5,0,0
7726,2,0,0
7727,3,1,0.333333343
7728,3,1,0.333333343
7729,5,1,0.200000003
7730,2,0,0
7731,2,0,0
7732,3,0,0
7733,4,1,0.25
7734,3,0,0
7735,3,1,0.333333343
7736,2,0,0
7737,3,0,0
7738,1,0,0
7739,2,0,0
7740,3,0,0
7741,4,0,0
7742,4,0,0
7743,2,0,0
7744,2,0,0
7745,2,1,0.5
7746,1,0,0
7747,2,0,0
7749,3,0,0
7750,1,0,0
7751,2,0,0
7752,4,1,0.25
7753,4,1,0.25
7754,2,0,0
7755,4,1,0.25
7756,4,1,0.25
7757,2,0,0
7758,2,0,0
7759,1,0,0
7760,2,0,0
7761,4,0,0
7762,1,0,0
7763,1,1,1
7764,3,0,0
7765,2,1,0.5
7766,1,0,0
7767,4,0,0
7769,4,2,0.5
7770,2,0,0
7771,2,0,0
7772,1,1,1
7773,4,1,0.25
7774,1,0,0
7775,2,0,0
7776,3,1,0.333333343
7777,2,0,0
7778,3,0,0
7779,3,0,0
7780,1,0,0
7781,4,0,0
7782,3,2,0.666666687
7783,4,1,0.25
7784,3,1,0.333333343
7785,1,0,0
7786,3,0,0
7787,1,0,0
7788,1,1,1
7789,3,0,0
7790,4,0,0
7791,2,0,0
7792,4,0,0
7793,7,0,0
7794,1,1,1
7795,4,1,0.25
7796,5,1,0.200000003
7797,1,0,0
7798,2,0,0
7799,2,0,0
7800,2,0,0
7801,4,1,0.25
7802,2,0,0
7803,6,1,0.166666672
7804,4,1,0.25
7805,5,0,0
7806,3,1,0.333333343
7807,2,0,0
7808,3,0,0
7809,3,0,0
7810,3,0,0
7811,2,0,0
7812,3,0,0
7813,2,0,0
7814,1,0,0
7815,2,1,0.5
7816,1,0,0
7817,5,0,0
7818,2,0,0
7820,4,0,0
7821,4,1,0.25
7822,2,0,0
7824,4,1,0.25
7825,2,0,0
7826,6,1,0.166666672
7827,1,0,0
7828,2,1,0.5
7829,3,0,0
7830,4,0,0
7831,3,2,0.666666687
7832,1,0,0
7833,1,0,0
7834,2,1,0.5
7835,2,0,0
7837,2,0,0
7838,4,0,0
7839,3,2,0.666666687
7842,1,0,0
7843,3,0,0
7845,3,0,0
7846,2,1,0.5
7847,3,2,0.666666687
7848,1,0,0
7849,4,1,0.25
7850,3,0,0
7851,5,0,0
7853,3,0,0
7854,3,1,0.333333343
7855,3,1,0.333333343
7857,3,1,0.333333343
7858,3,2,0.666666687
7859,1,0,0
7860,7,0,0
7861,3,1,0.333333343
7863,2,0,0
7864,2,0,0
7865,2,0,0
7866,3,0,0
7867,3,0,0
7868,3,0,0
7869,3,0,0
7870,2,1,0.5
7871,2,0,0
7872,1,0,0
7873,2,0,0
7874,3,1,0.333333343
7875,5,0,0
7876,3,0,0
7878,1,0,0
7879,3,0,0
7880,4,0,0
7881,2,0,0
7882,3,0,0
7883,4,0,0
7884,2,0,0
7885,1,0,0
7886,5,1,0.200000003
7887,3,0,0
7888,7,2,0.285714298
7889,1,0,0
7890,8,2,0.25
7891,3,0,0
7892,2,0,0
7893,2,1,0.5
7894,2,1,0.5
7895,2,1,0.5
7896,8,1,0.125
7897,3,0,0
7898,5,1,0.200000003
7899,3,1,0.333333343
7900,6,1,0.166666672
7901,2,1,0.5
7902,1,0,0
7903,3,0,0
7904,3,1,0.333333343
7905,1,0,0
7906,1,0,0
7907,2,0,0
7908,2,0,0
7909,4,1,0.25
7911,1,1,1
7912,4,0,0
7913,2,0,0
7914,1,0,0
7915,2,0,0
7916,1,0,0
7917,3,2,0.666666687
7918,2,0,0
7919,3,0,0
7920,3,2,0.666666687
7921,2,1,0.5
7922,1,0,0
7923,2,1,0.5
7924,1,0,0
7926,2,1,0.5
7927,1,1,1
7928,3,0,0
7929,2,0,0
7930,4,1,0.25
7931,2,0,0
7932,1,0,0
7933,2,0,0
7934,3,0,0
7935,1,0,0
7936,2,0,0
7937,1,0,0
7938,5,0,0
7939,2,1,0.5
7940,4,1,0.25
7941,4,1,0.25
7942,4,0,0
7943,4,0,0
7944,2,0,0
7945,2,0,0
7946,3,2,0.666666687
7947,2,0,0
7948,2,1,0.5
7949,4,0,0
7950,1,1,1
7951,1,0,0
7952,2,1,0.5
7953,3,1,0.333333343
7954,3,1,0.333333343
7955,2,0,0
7956,2,1,0.5
7958,2,0,0
7959,1,0,0
7961,3,1,0.333333343
7962,1,0,0
7963,3,2,0.666666687
7965,1,0,0
7966,4,0,0
7967,3,1,0.333333343
7969,3,0,0
7970,4,0,0
7971,2,1,0.5
7973,2,0,0
7974,4,0,0
7975,2,0,0
7976,3,0,0
7977,1,0,0
7978,2,1,0.5
7979,3,0,0
7980,3,1,0.333333343
7981,3,0,0
7982,4,1,0.25
7983,1,0,0
7984,2,0,0
7985,2,0,0
7986,2,0,0
7987,4,0,0
7988,1,0,0
7989,2,0,0
7990,2,0,0
7991,4,0,0
7992,2,0,0
7993,2,0,0
7994,2,0,0
7995,1,1,1
7997,5,0,0
7998,3,0,0
7999,4,1,0.25
8000,5,0,0
8001,2,0,0
8002,3,0,0
8003,2,0,0
8004,2,0,0
8005,2,0,0
8006,2,0,0
8007,3,0,0
8008,4,1,0.25
8009,3,1,0.333333343
8010,2,0,0
8011,1,0,0
8012,2,0,0
8013,1,0,0
8014,2,0,0
8015,1,0,0
8016,1,0,0
8017,4,0,0
8018,2,0,0
8019,1,0,0
8020,5,0,0
8022,3,0,0
8023,4,0,0
8024,2,1,0.5
8025,2,1,0.5
8026,5,2,0.400000006
8027,3,1,0.333333343
8028,3,0,0
8029,5,0,0
8030,4,0,0
8032,2,1,0.5
8034,2,0,0
8035,4,1,0.25
8036,1,0,0
8037,3,0,0
8039,3,0,0
8040,3,1,0.333333343
8041,5,0,0
8042,2,0,0
8044,2,0,0
8045,3,0,0
8046,4,1,0.25
8047,3,0,0
8048,4,0,0
8049,5,0,0
8050,2,1,0.5
8051,1,0,0
8052,1,0,0
8053,2,1,0.5
8054,3,1,0.333333343
8055,4,0,0
8056,2,0,0
8057,2,0,0
8058,2,0,0
8059,2,0,0
8060,7,0,0
8061,4,0,0
8062,1,0,0
8064,6,0,0
8065,3,0,0
8066,4,0,0
8067,3,0,0
8068,2,0,0
8069,2,0,0
8070,1,0,0
8071,1,0,0
8072,2,2,1
8073,3,0,0
8074,3,0,0
8075,1,0,0
8076,3,0,0
8077,1,0,0
8078,3,0,0
8079,2,1,0.5
8080,2,0,0
8082,3,0,0
8084,1,0,0
8085,3,1,0.333333343
8087,1,0,0
8088,3,1,0.333333343
8089,3,0,0
8090,3,2,0.666666687
8091,4,0,0
8093,2,1,0.5
8094,2,0,0
8095,1,0,0
8096,5,1,0.200000003
8097,1,0,0
8098,1,0,0
8100,1,0,0
8101,3,0,0
8102,1,0,0
8103,3,0,0
8104,3,0,0
8105,1,0,0
8107,3,0,0
8108,2,0,0
8109,4,1,0.25
8110,3,1,0.333333343
8111,1,0,0
8112,2,0,0
8113,5,0,0
8114,6,1,0.166666672
8115,6,1,0.166666672
8116,2,0,0
8117,5,0,0
8118,2,0,0
8120,2,1,0.5
8121,2,0,0
8123,1,0,0
8124,3,0,0
8126,2,1,0.5
8127,3,1,0.333333343
8128,2,0,0
8129,2,0,0
8130,4,1,0.25
8131,1,0,0
8133,4,0,0
8134,2,0,0
8135,1,0,0
8136,1,0,0
8137,1,0,0
8138,4,0,0
8139,4,0,0
8140,5,2,0.400000006
8141,5,0,0
8142,2,0,0
8143,1,0,0
8144,4,1,0.25
8146,3,1,0.333333343
8147,2,0,0
8148,4,0,0
8149,5,0,0
8151,4,0,0
8152,5,0,0
8153,1,0,0
8154,1,1,1
8155,2,0,0
8156,6,1,0.166666672
8157,2,1,0.5
8158,3,0,0
8159,4,0,0
8161,1,0,0
8163,4,0,0
8164,2,0,0
8165,1,0,0
8166,1,0,0
8167,1,0,0
8168,3,0,0
8170,1,1,1
8172,2,0,0
8173,2,0,0
8174,1,1,1
8175,2,1,0.5
8176,4,1,0.25
8177,1,0,0
8178,1,0,0
8179,3,0,0
8180,4,0,0
8182,2,0,0
8183,3,0,0
8184,1,0,0
8185,1,0,0
8186,4,2,0.5
8187,3,2,0.666666687
8188,2,0,0
8189,3,0,0
8190,3,1,0.333333343
8191,3,1,0.333333343
8192,2,0,0
8193,2,0,0
8194,1,0,0
8197,2,0,0
8198,4,1,0.25
8199,2,0,0
8200,1,0,0
8201,4,1,0.25
8202,1,0,0
8203,1,1,1
8204,3,1,0.333333343
8205,5,1,0.200000003
8206,4,0,0
8207,1,0,0
8208,5,2,0.400000006
8209,4,0,0
8210,1,0,0
8211,3,0,0
8212,2,0,0
8213,1,0,0
8214,4,1,0.25
8215,1,0,0
8216,1,0,0
8218,1,0,0
8219,3,0,0
8220,6,0,0
8221,3,0,0
8222,4,1,0.25
8223,1,0,0
8224,1,0,0
8225,1,0,0
8226,2,1,0.5
8227,4,0,0
8228,1,0,0
8229,1,0,0
8230,3,1,0.333333343
8232,3,0,0
8233,1,0,0
8234,3,1,0.333333343
8235,2,0,0
8237,3,0,0
8238,2,0,0
8239,1,0,0
8241,2,0,0
8242,4,0,0
8243,3,0,0
8244,3,0,0
8245,4,0,0
8246,2,0,0
8247,2,1,0.5
8248,2,0,0
8249,2,0,0
8250,3,1,0.333333343
8251,4,0,0
8252,2,1,0.5
8253,3,1,0.333333343
8254,4,1,0.25
8255,1,0,0
8256,3,0,0
8257,4,0,0
8258,1,0,0
8259,3,0,0
8260,3,1,0.333333343
8261,4,0,0
8262,2,0,0
8263,1,1,1
8265,3,0,0
8266,2,0,0
8267,2,1,0.5
8268,4,1,0.25
8269,2,0,0
8270,1,0,0
8271,1,0,0
8272,1,0,0
8273,2,0,0
8274,3,1,0.333333343
8275,1,0,0
8276,3,0,0
8277,2,0,0
8278,4,1,0.25
8279,2,0,0
8281,4,0,0
8282,3,0,0
8283,3,1,0.333333343
8284,2,1,0.5
8285,6,1,0.166666672
8287,4,1,0.25
8288,1,0,0
8289,2,0,0
8290,4,0,0
8291,5,1,0.200000003
8292,4,0,0
8293,4,1,0.25
8294,3,0,0
8295,5,1,0.200000003
8296,2,0,0
8297,1,0,0
8298,1,1,1
8299,7,1,0.142857149
8300,4,0,0
8301,1,0,0
8303,1,0,0
8304,2,0,0
8307,1,0,0
8308,2,0,0
8310,2,0,0
8311,4,0,0
8312,1,0,0
8314,1,0,0
8315,5,1,0.200000003
8317,2,1,0.5
8318,3,1,0.333333343
8319,2,0,0
8320,5,0,0
8321,4,0,0
8322,2,2,1
8323,1,0,0
8325,3,0,0
8326,2,0,0
8327,2,0,0
8328,2,0,0
8329,1,0,0
8330,3,0,0
8331,2,0,0
8332,2,0,0
8333,3,1,0.333333343
8334,1,0,0
8335,2,0,0
8336,5,0,0
8337,5,0,0
8338,3,0,0
8339,1,1,1
8340,4,0,0
8341,5,1,0.200000003
8342,3,1,0.333333343
8344,4,1,0.25
8345,1,0,0
8346,3,0,0
8348,2,0,0
8349,1,0,0
8350,5,1,0.200000003
8351,5,2,0.400000006
8353,2,0,0
8354,2,0,0
8355,5,0,0
8356,4,2,0.5
8357,3,2,0.666666687
8358,1,0,0
8359,3,0,0
8360,1,0,0
8361,2,0,0
8362,4,0,0
8363,3,0,0
8364,6,0,0
8365,1,0,0
8366,3,0,0
8367,3,0,0
8368,1,0,0
8369,1,1,1
8370,4,1,0.25
8371,1,0,0
8372,4,1,0.25
8373,3,1,0.333333343
8374,3,1,0.333333343
8375,1,0,0
8378,1,0,0
8380,2,0,0
8381,1,1,1
8382,1,0,0
8383,4,1,0.25
8384,3,1,0.333333343
8385,1,0,0
8386,1,0,0
8387,4,0,0
8388,4,0,0
8389,2,0,0
8390,2,1,0.5
8391,1,0,0
8393,2,0,0
8394,2,0,0
8395,2,1,0.5
8396,2,1,0.5
8397,5,2,0.400000006
8399,3,0,0
8400,1,0,0
8401,2,0,0
8402,3,1,0.333333343
8403,3,0,0
8404,1,0,0
8405,2,0,0
8406,4,1,0.25
8407,2,0,0
8408,1,0,0
8410,3,0,0
8411,2,0,0
8412,3,1,0.333333343
8414,2,0,0
8415,1,0,0
8416,3,1,0.333333343
8417,6,0,0
8418,1,1,1
8419,3,0,0
8420,3,0,0
8421,3,0,0
8422,2,0,0
8423,3,1,0.333333343
8424,4,0,0
8425,3,0,0
8427,3,0,0
8428,3,1,0.333333343
8429,4,0,0
8430,4,0,0
8432,1,0,0
8433,2,0,0
8434,1,0,0
8435,4,0,0
8436,5,2,0.400000006
8437,1,0,0
8438,3,0,0
8439,7,0,0
8440,2,1,0.5
8441,2,1,0.5
8442,1,0,0
8443,1,0,0
8444,3,1,0.333333343
8445,1,0,0
8446,2,0,0
8447,2,0,0
8448,4,0,0
8449,2,1,0.5
8450,5,1,0.200000003
8453,3,1,0.333333343
8454,2,1,0.5
8455,2,0,0
8457,3,0,0
8458,2,0,0
8459,4,1,0.25
8460,1,0,0
8461,1,1,1
8462,2,0,0
8463,4,1,0.25
8464,2,0,0
8465,3,0,0
8466,3,1,0.333333343
8467,3,0,0
8468,1,1,1
8469,3,0,0
8470,2,0,0
8471,1,0,0
8472,1,0,0
8473,2,0,0
8474,6,0,0
8475,3,0,0
8476,1,0,0
8477,3,1,0.333333343
8478,2,2,1
8479,1,0,0
8480,4,0,0
8481,2,1,0.5
8482,1,0,0
8483,1,0,0
8484,1,0,0
8485,1,1,1
8486,3,0,0
8488,1,0,0
8489,3,1,0.333333343
8490,1,0,0
8491,1,0,0
8493,2,0,0
8494,4,2,0.5
8495,2,0,0
8496,2,0,0
8497,2,0,0
8498,5,1,0.200000003
8499,3,0,0
8500,2,0,0
8501,3,0,0
8502,1,0,0
8503,3,0,0
8504,2,0,0
8505,1,0,0
8506,2,0,0
8507,2,1,0.5
8508,1,0,0
8509,5,0,0
8510,3,0,0
8511,1,0,0
8512,6,2,0.333333343
8513,2,0,0
8514,1,0,0
8516,6,1,0.166666672
8517,4,0,0
8518,1,0,0
8519,2,0,0
8520,2,0,0
8521,1,0,0
8522,2,0,0
8523,3,0,0
8524,1,1,1
8525,4,0,0
8526,2,0,0
8527,3,0,0
8528,2,0,0
8529,1,0,0
8530,1,0,0
8531,1,0,0
8533,6,3,0.5
8534,3,0,0
8535,1,0,0
8536,2,0,0
8537,4,1,0.25
8538,4,1,0.25
8539,3,0,0
8540,3,0,0
8542,5,1,0.200000003
8543,2,1,0.5
8544,3,0,0
8545,4,0,0
8546,5,1,0.200000003
8547,2,0,0
8548,3,0,0
8549,4,2,0.5
8551,2,0,0
8552,1,1,1
8553,2,1,0.5
8554,1,0,0
8555,3,0,0
8556,2,0,0
8557,4,1,0.25
8558,3,1,0.333333343
8559,1,0,0
8560,2,0,0
8561,1,0,0
8562,2,0,0
8563,4,1,0.25
8564,3,1,0.333333343
8565,4,0,0
8566,3,0,0
8567,2,0,0
8568,1,0,0
8569,4,0,0
8570,2,0,0
8571,2,0,0
8572,3,1,0.333333343
8573,1,1,1
8574,2,0,0
8575,3,0,0
8576,2,0,0
8577,2,0,0
8578,5,1,0.200000003
8579,3,1,0.333333343
8580,4,1,0.25
8581,4,0,0
8583,2,1,0.5
8584,1,0,0
8585,5,0,0
8586,2,1,0.5
8587,5,1,0.200000003
8588,2,0,0
8589,4,3,0.75
8590,1,1,1
8591,1,0,0
8592,4,1,0.25
8594,4,1,0.25
8595,1,0,0
8596,4,0,0
8597,1,0,0
8598,2,0,0
8599,4,1,0.25
8600,2,0,0
8601,2,0,0
8602,6,0,0
8603,3,1,0.333333343
8605,2,0,0
8606,1,0,0
8607,1,0,0
8608,2,1,0.5
8609,5,3,0.600000024
8610,6,0,0
8611,1,0,0
8612,1,0,0
8613,3,1,0.333333343
8614,1,0,0
8615,1,0,0
8616,4,1,0.25
8617,2,0,0
8618,2,0,0
8619,3,0,0
8620,1,0,0
8621,2,0,0
8623,1,0,0
8624,3,1,0.333333343
8625,1,0,0
8626,4,0,0
8627,1,0,0
8628,2,0,0
8629,2,1,0.5
8630,6,1,0.166666672
8631,2,0,0
8633,5,2,0.400000006
8634,3,1,0.333333343
8636,4,0,0
8637,4,1,0.25
8638,1,0,0
8640,4,0,0
8641,6,0,0
8642,1,0,0
8643,5,1,0.200000003
8644,1,0,0
8645,4,2,0.5
8646,1,0,0
8647,1,0,0
8649,1,1,1
8650,1,0,0
8651,3,1,0.333333343
8652,1,0,0
8654,4,0,0
8655,3,0,0
8656,4,2,0.5
8657,1,0,0
8658,1,1,1
8659,1,0,0
8660,5,0,0
8661,1,0,0
8662,2,0,0
8663,3,0,0
8664,2,1,0.5
8666,1,0,0
8667,3,1,0.333333343
8668,3,0,0
8669,2,1,0.5
8670,1,0,0
8671,1,1,1
8672,1,0,0
8673,5,0,0
8674,1,1,1
8675,6,1,0.166666672
8676,2,1,0.5
8677,6,1,0.166666672
8678,3,0,0
8680,3,0,0
8681,3,1,0.333333343
8682,2,1,0.5
8683,3,0,0
8684,3,2,0.666666687
8685,1,0,0
8686,2,1,0.5
8687,4,0,0
8688,1,0,0
8689,1,0,0
8690,1,0,0
8691,2,0,0
8692,4,1,0.25
8693,2,1,0.5
8694,1,0,0
8695,2,0,0
8696,1,0,0
8697,1,0,0
8698,5,1,0.200000003
8699,3,0,0
8700,4,1,0.25
8701,5,3,0.600000024
8702,7,1,0.142857149
8703,2,0,0
8704,4,1,0.25
8706,1,0,0
8707,7,2,0.285714298
8708,4,0,0
8709,4,0,0
8711,1,0,0
8712,5,1,0.200000003
8713,5,0,0
8714,1,0,0
8715,5,1,0.200000003
8716,5,0,0
8717,5,1,0.200000003
8718,2,1,0.5
8720,2,1,0.5
8722,3,0,0
8724,2,0,0
8725,2,1,0.5
8726,3,1,0.333333343
8728,4,2,0.5
8729,5,2,0.400000006
8730,2,0,0
8731,2,0,0
8732,2,0,0
8733,4,1,0.25
8734,2,0,0
8735,4,0,0
8736,5,0,0
8737,1,0,0
8738,3,0,0
8740,2,0,0
8741,3,0,0
8743,4,1,0.25
8744,2,0,0
8745,2,0,0
8746,4,3,0.75
8747,1,0,0
8748,3,0,0
8749,2,0,0
8751,1,0,0
8752,4,2,0.5
8753,3,0,0
8755,1,0,0
8756,1,0,0
8757,4,0,0
8758,3,2,0.666666687
8759,1,0,0
8760,2,0,0
8761,2,1,0.5
8762,2,0,0
8763,3,0,0
8764,1,1,1
8765,2,0,0
8766,2,0,0
8767,4,1,0.25
8769,5,1,0.200000003
8770,2,0,0
8772,2,2,1
8773,3,0,0
8774,5,2,0.400000006
8775,1,0,0
8776,2,0,0
8777,3,0,0
8778,3,0,0
8779,9,2,0.222222224
8780,2,1,0.5
8781,1,1,1
8782,3,0,0
8784,3,0,0
8785,3,0,0
8787,3,0,0
8788,1,0,0
8789,1,0,0
8790,3,1,0.333333343
8791,2,0,0
8792,3,2,0.666666687
8793,2,1,0.5
8794,6,1,0.166666672
8795,3,2,0.666666687
8796,2,0,0
8797,2,0,0
8800,1,0,0
8801,2,0,0
8802,2,1,0.5
8803,2,0,0
8804,3,0,0
8805,2,0,0
8806,2,0,0
8807,1,0,0
8808,1,0,0
8809,4,0,0
8810,4,0,0
8811,1,0,0
8812,5,1,0.200000003
8814,1,1,1
8815,3,1,0.333333343
8816,2,0,0
8817,4,0,0
8818,3,0,0
8819,7,1,0.142857149
8820,2,0,0
8821,4,1,0.25
8823,3,1,0.333333343
8824,1,0,0
8825,1,0,0
8826,3,0,0
8827,2,0,0
8828,2,0,0
8829,1,0,0
8830,1,1,1
8831,1,0,0
8833,1,0,0
8834,1,1,1
8835,1,1,1
8836,4,2,0.5
8837,3,0,0
8838,1,0,0
8839,1,1,1
8840,2,0,0
8843,5,1,0.200000003
8844,3,0,0
8845,1,0,0
8846,2,0,0
8847,3,0,0
8848,3,0,0
8849,3,0,0
8851,5,0,0
8852,3,0,0
8853,1,1,1
8854,2,0,0
8855,3,1,0.333333343
8856,2,0,0
8858,2,0,0
8860,2,0,0
8861,1,1,1
8862,3,1,0.333333343
8863,3,0,0
8864,3,0,0
8865,5,0,0
8867,3,0,0
8868,3,1,0.333333343
8869,2,0,0
8870,3,3,1
8871,2,0,0
8872,3,0,0
8873,5,0,0
8874,3,0,0
8875,3,0,0
8876,2,0,0
8877,1,0,0
8878,1,0,0
8879,1,0,0
8880,6,1,0.166666672
8881,1,0,0
8882,3,1,0.333333343
8883,2,1,0.5
8884,1,1,1
8885,3,1,0.333333343
8886,2,1,0.5
8887,4,1,0.25
8888,2,1,0.5
8889,5,1,0.200000003
8890,5,1,0.200000003
8891,4,0,0
8892,5,0,0
8893,3,0,0
8895,2,0,0
8896,4,0,0
8897,1,0,0
8898,2,0,0
8899,2,0,0
8901,2,0,0
8902,4,0,0
8903,2,1,0.5
8905,1,0,0
8906,3,1,0.333333343
8907,2,0,0
8908,3,0,0
8909,1,1,1
8910,1,1,1
8911,3,1,0.333333343
8912,1,0,0
8913,2,0,0
8915,3,1,0.333333343
8916,1,0,0
8918,2,0,0
8919,2,0,0
8920,4,1,0.25
8921,3,0,0
8922,1,0,0
8923,3,1,0.333333343
8924,3,0,0
8925,3,0,0
8926,3,1,0.333333343
8927,2,0,0
8928,1,0,0
8929,2,2,1
8930,5,0,0
8932,3,0,0
8933,1,0,0
8934,2,1,0.5
8935,2,0,0
8936,3,1,0.333333343
8937,4,1,0.25
8938,4,0,0
8939,4,2,0.5
8940,2,0,0
8941,4,1,0.25
8942,6,2,0.333333343
8943,1,0,0
8944,1,0,0
8945,4,0,0
8946,3,0,0
8947,4,0,0
8948,3,0,0
8949,3,0,0
8950,3,0,0
8952,2,1,0.5
8953,2,0,0
8954,2,1,0.5
8955,1,0,0
8956,2,0,0
8957,2,0,0
8958,1,0,0
8959,1,1,1
8960,1,0,0
8961,2,0,0
8962,1,0,0
8964,1,0,0
8965,3,0,0
8966,2,1,0.5
8967,2,0,0
8969,2,0,0
8971,1,0,0
8972,1,0,0
8973,3,2,0.666666687
8974,3,2,0.666666687
8975,8,0,0
8976,3,1,0.333333343
8977,4,1,0.25
8979,5,2,0.400000006
8980,2,0,0
8981,3,2,0.666666687
8982,4,0,0
8983,3,0,0
8985,1,0,0
8986,3,1,0.333333343
8987,1,0,0
8988,3,1,0.333333343
8989,2,0,0
8990,2,1,0.5
8991,3,0,0
8992,2,0,0
8993,1,0,0
8995,1,0,0
8996,1,0,0
8997,2,1,0.5
8998,5,1,0.200000003
8999,1,1,1
9001,3,1,0.333333343
9002,1,0,0
9003,3,0,0
9004,1,0,0
9005,2,1,0.5
9006,2,0,0
9007,6,0,0
9008,4,0,0
9009,3,1,0.333333343
9010,3,0,0
9011,2,0,0
9013,2,0,0
9014,2,0,0
9015,1,0,0
9016,3,1,0.333333343
9017,3,0,0
9018,1,0,0
9019,2,1,0.5
9020,3,0,0
9021,1,0,0
9022,1,0,0
9023,4,1,0.25
9024,1,0,0
9025,1,0,0
9026,2,0,0
9027,3,0,0
9029,2,0,0
9030,3,0,0
9032,2,1,0.5
9033,6,1,0.166666672
9034,1,0,0
9035,2,0,0
9036,3,1,0.333333343
9037,3,0,0
9038,3,0,0
9039,3,0,0
9040,3,0,0
9041,4,0,0
9042,2,0,0
9043,1,0,0
9044,1,0,0
9045,4,1,0.25
9046,4,0,0
9047,2,0,0
9048,1,1,1
9049,3,1,0.333333343
9050,3,1,0.333333343
9051,4,1,0.25
9052,5,1,0.200000003
9053,2,0,0
9054,3,0,0
9055,3,0,0
9056,1,0,0
9058,2,0,0
9059,3,0,0
9060,2,0,0
9061,3,1,0.333333343
9063,2,0,0
9064,2,0,0
9065,3,2,0.666666687
9066,1,0,0
9067,2,1,0.5
9068,1,0,0
9069,4,0,0
9070,1,0,0
9072,3,0,0
9073,3,0,0
9075,2,0,0
9076,2,0,0
9077,2,1,0.5
9078,2,0,0
9079,1,0,0
9080,4,1,0.25
9081,4,3,0.75
9082,3,1,0.333333343
9083,3,0,0
9084,1,0,0
9085,2,0,0
9086,4,0,0
9087,2,0,0
9088,1,0,0
9091,1,0,0
9092,2,0,0
9093,3,0,0
9094,1,0,0
9095,2,0,0
9096,1,0,0
9097,4,2,0.5
9098,3,1,0.333333343
9099,2,0,0
9100,2,0,0
9101,3,0,0
9102,1,1,1
9103,3,1,0.333333343
9104,2,0,0
9105,7,1,0.142857149
9107,3,0,0
9108,2,0,0
9109,2,0,0
9110,2,1,0.5
9111,2,0,0
9112,3,0,0
9113,3,0,0
9114,2,1,0.5
9115,2,0,0
9116,1,0,0
9117,2,0,0
9119,2,1,0.5
9120,3,1,0.333333343
9121,3,1,0.333333343
9122,2,0,0
9123,1,0,0
9125,1,0,0
9126,1,0,0
9127,2,0,0
9128,1,1,1
9129,3,1,0.333333343
9130,3,1,0.333333343
9131,5,0,0
9132,1,0,0
9133,3,0,0
9135,3,1,0.333333343
9136,3,0,0
9137,1,0,0
9138,7,1,0.142857149
9139,3,0,0
9140,3,2,0.666666687
9141,3,1,0.333333343
9142,4,0,0
9143,2,0,0
9144,2,0,0
9145,5,0,0
9146,1,0,0
9148,3,0,0
9149,5,2,0.400000006
9150,1,0,0
9151,3,0,0
9152,2,0,0
9153,1,0,0
9154,1,0,0
9155,6,2,0.333333343
9156,1,0,0
9157,3,1,0.333333343
9158,2,0,0
9159,2,1,0.5
9160,4,1,0.25
9162,1,0,0
9163,3,2,0.666666687
9164,2,0,0
9165,1,0,0
9166,2,1,0.5
9168,2,1,0.5
9169,2,0,0
9170,1,0,0
9171,1,0,0
9172,5,1,0.200000003
9173,1,0,0
9175,2,0,0
9176,4,0,0
9177,2,1,0.5
9178,4,0,0
9179,1,1,1
9180,4,1,0.25
9181,2,0,0
9182,2,1,0.5
9183,2,0,0
9184,1,0,0
9185,2,0,0
9186,2,0,0
9187,3,0,0
9188,2,1,0.5
9189,1,0,0
9190,2,1,0.5
9191,1,0,0
9192,2,1,0.5
9193,3,0,0
9194,2,1,0.5
9195,2,0,0
9196,3,0,0
9197,2,0,0
9198,3,0,0
9199,3,2,0.666666687
9200,3,0,0
9201,5,1,0.200000003
9203,5,1,0.200000003
9204,2,1,0.5
9205,3,0,0
9206,5,1,0.200000003
9208,2,0,0
9210,2,1,0.5
9211,2,0,0
9212,5,2,0.400000006
9214,3,0,0
9215,4,1,0.25
9216,2,0,0
9217,1,0,0
9218,5,1,0.200000003
9219,1,0,0
9220,3,0,0
9221,1,0,0
9222,2,0,0
9223,5,1,0.200000003
9224,2,1,0.5
9225,4,1,0.25
9226,2,0,0
9227,1,1,1
9228,2,1,0.5
9229,2,1,0.5
9230,2,0,0
9231,2,0,0
9232,1,0,0
9233,2,0,0
9234,3,0,0
9235,1,1,1
9236,2,0,0
9238,4,1,0.25
9239,2,0,0
9240,1,0,0
9243,4,1,0.25
9244,2,0,0
9245,2,0,0
9247,2,0,0
9248,6,0,0
9250,3,0,0
9252,3,1,0.333333343
9255,3,0,0
9256,2,0,0
9258,1,0,0
9259,2,0,0
9260,1,0,0
9262,2,0,0
9264,2,0,0
9265,2,0,0
9266,2,0,0
9267,1,1,1
9268,1,0,0
9269,5,0,0
9270,4,1,0.25
9271,2,0,0
9273,1,0,0
9274,5,0,0
9275,3,0,0
9276,4,0,0
9277,2,0,0
9278,1,0,0
9279,4,0,0
9281,1,0,0
9282,2,0,0
9283,3,0,0
9285,1,0,0
9286,3,0,0
9287,3,0,0
9288,1,0,0
9290,3,1,0.333333343
9291,2,0,0
9292,2,0,0
9293,1,0,0
9294,2,0,0
9296,1,0,0
9297,3,0,0
9298,2,0,0
9299,3,0,0
9301,2,0,0
9302,3,0,0
9303,2,0,0
9304,3,0,0
9305,2,0,0
9306,1,0,0
9307,1,0,0
9308,1,0,0
9309,1,0,0
9311,2,0,0
9312,1,0,0
9313,2,1,0.5
9314,4,0,0
9315,4,1,0.25
9316,2,0,0
9317,3,0,0
9318,1,0,0
9319,1,1,1
9320,5,2,0.400000006
9321,2,0,0
9322,2,0,0
9323,2,1,0.5
9324,5,0,0
9325,4,2,0.5
9326,5,1,0.200000003
9327,1,0,0
9328,2,0,0
9329,1,0,0
9330,3,0,0
9331,4,0,0
9332,4,0,0
9333,3,1,0.333333343
9335,5,0,0
9336,2,0,0
9337,3,0,0
9338,2,0,0
9339,1,0,0
9340,2,0,0
9342,1,0,0
9343,1,0,0
9344,2,0,0
9345,4,0,0
9346,3,0,0
9347,4,1,0.25
9348,2,0,0
9350,2,1,0.5
9351,2,0,0
9354,3,0,0
9355,5,1,0.200000003
9356,2,0,0
9357,5,0,0
9358,1,0,0
9359,2,0,0
9360,4,1,0.25
9362,3,0,0
9363,1,1,1
9364,2,0,0
9365,1,0,0
9366,3,0,0
9368,1,0,0
9369,4,0,0
9370,1,0,0
9371,2,0,0
9372,4,1,0.25
9373,4,0,0
9374,1,0,0
9375,1,0,0
9376,3,0,0
9377,2,0,0
9378,2,1,0.5
9379,2,1,0.5
9380,2,2,1
9381,3,0,0
9382,4,1,0.25
9383,1,0,0
9384,1,0,0
9385,2,1,0.5
9386,3,1,0.333333343
9387,1,0,0
9388,2,0,0
9389,3,1,0.333333343
9390,1,0,0
9391,3,1,0.333333343
9392,1,0,0
9393,1,0,0
9394,5,1,0.200000003
9395,1,0,0
9396,4,1,0.25
9397,1,0,0
9398,1,0,0
9400,7,2,0.285714298
9401,1,0,0
9402,1,0,0
9404,1,0,0
9405,1,0,0
9406,1,0,0
9407,1,0,0
9408,1,0,0
9409,3,0,0
9410,3,0,0
9411,1,0,0
9412,4,0,0
9413,3,1,0.333333343
9414,2,0,0
9415,4,2,0.5
9416,2,0,0
9417,1,1,1
9418,1,0,0
9419,3,0,0
9420,1,0,0
9421,1,0,0
9422,1,0,0
9425,3,1,0.333333343
9426,2,0,0
9427,1,1,1
9428,3,2,0.666666687
9429,2,0,0
9430,2,1,0.5
9431,2,0,0
9432,1,0,0
9433,1,0,0
9434,2,1,0.5
9435,5,2,0.400000006
9438,2,0,0
9439,4,1,0.25
9440,2,0,0
9441,3,0,0
9442,2,1,0.5
9443,3,0,0
9444,2,0,0
9445,1,0,0
9446,3,1,0.333333343
9447,1,0,0
9448,1,0,0
9449,1,0,0
9450,4,0,0
9451,3,0,0
9452,2,1,0.5
9453,1,0,0
9454,2,0,0
9455,4,0,0
9456,2,0,0
9457,2,0,0
9459,1,0,0
9460,1,1,1
9461,3,0,0
9462,1,0,0
9463,3,1,0.333333343
9464,4,0,0
9465,1,0,0
9466,1,0,0
9467,6,0,0
9468,1,0,0
9469,6,0,0
9470,5,1,0.200000003
9471,1,0,0
9472,5,0,0
9475,1,0,0
9476,2,0,0
9477,2,0,0
9478,2,0,0
9479,3,0,0
9481,3,1,0.333333343
9482,1,0,0
9483,1,0,0
9484,4,1,0.25
9485,2,0,0
9486,1,0,0
9487,1,1,1
9488,2,0,0
9489,1,0,0
9490,1,0,0
9491,2,0,0
9492,2,2,1
9493,1,0,0
9494,1,0,0
9495,2,0,0
9496,5,0,0
9497,1,0,0
9498,4,2,0.5
9499,3,0,0
9500,1,0,0
9501,3,0,0
9502,3,0,0
9503,2,0,0
9504,2,0,0
9505,1,0,0
9506,2,1,0.5
9507,1,0,0
9508,4,0,0
9509,1,0,0
9510,2,1,0.5
9511,3,0,0
9512,6,1,0.166666672
9513,3,1,0.333333343
9514,1,0,0
9515,2,0,0
9517,1,0,0
9518,3,0,0
9519,1,0,0
9520,1,0,0
9521,2,0,0
9522,3,0,0
9524,4,1,0.25
9525,1,0,0
9526,1,0,0
9527,4,1,0.25
9528,1,0,0
9529,1,0,0
9530,3,0,0
9531,1,0,0
9532,1,0,0
9533,1,0,0
9534,3,1,0.333333343
9535,2,0,0
9536,1,0,0
9537,1,0,0
9538,1,0,0
9539,3,0,0
9540,2,1,0.5
9541,1,0,0
9542,1,0,0
9543,2,0,0
9544,1,0,0
9545,2,0,0
9546,4,1,0.25
9547,1,0,0
9548,1,0,0
9549,2,0,0
9550,2,0,0
9551,4,1,0.25
9552,4,0,0
9553,1,1,1
9554,1,0,0
9555,1,0,0
9557,2,0,0
9559,4,0,0
9560,1,1,1
9562,1,0,0
9563,2,1,0.5
9564,1,0,0
9565,1,0,0
9566,1,0,0
9568,3,0,0
9569,2,0,0
9570,4,0,0
9571,4,0,0
9572,2,0,0
9573,1,0,0
9574,3,0,0
9575,2,0,0
9576,2,2,1
9578,2,0,0
9579,5,2,0.400000006
9580,1,0,0
9581,3,0,0
9582,1,0,0
9583,1,0,0
9584,2,1,0.5
9585,2,0,0
9586,3,0,0
9588,1,1,1
9589,2,0,0
9590,1,0,0
9592,1,0,0
9593,4,0,0
9595,2,0,0
9596,3,0,0
9597,2,0,0
9598,2,1,0.5
9600,3,1,0.333333343
9603,2,1,0.5
9604,2,0,0
9606,2,1,0.5
9607,3,0,0
9608,2,0,0
9609,3,0,0
9610,1,0,0
9611,2,0,0
9612,4,1,0.25
9613,1,1,1
9614,1,0,0
9615,3,0,0
9616,2,0,0
9617,6,1,0.166666672
9618,3,1,0.333333343
9619,1,0,0
9620,4,2,0.5
9621,2,0,0
9623,1,1,1
9624,4,2,0.5
9625,1,0,0
9627,3,0,0
9628,3,1,0.333333343
9629,1,0,0
9630,3,1,0.333333343
9631,1,1,1
9632,2,0,0
9633,1,0,0
9634,2,0,0
9636,3,0,0
9637,1,0,0
9638,2,0,0
9641,4,1,0.25
9642,2,0,0
9643,4,1,0.25
9644,2,0,0
9645,2,0,0
9646,3,2,0.666666687
9647,2,0,0
9648,2,0,0
9649,3,1,0.333333343
9650,2,0,0
9651,2,0,0
9653,1,0,0
9654,3,1,0.333333343
9655,1,0,0
9656,2,0,0
9657,2,0,0
9658,3,1,0.333333343
9659,6,1,0.166666672
9660,1,0,0
9661,1,1,1
9662,2,0,0
9663,1,0,0
9664,1,0,0
9665,3,0,0
9666,1,0,0
9667,3,0,0
9668,5,0,0
9670,1,0,0
9671,2,1,0.5
9672,2,0,0
9673,3,2,0.666666687
9675,2,0,0
9676,6,2,0.333333343
9677,3,1,0.333333343
9679,2,0,0
9680,1,0,0
9682,1,0,0
9683,2,0,0
9685,2,1,0.5
9686,4,0,0
9687,3,1,0.333333343
9688,1,0,0
9689,2,0,0
9690,4,0,0
9691,1,0,0
9692,2,0,0
9693,1,0,0
9695,4,0,0
9696,1,0,0
9698,2,0,0
9699,3,0,0
9700,1,0,0
9701,1,0,0
9702,4,0,0
9704,2,0,0
9705,1,0,0
9706,2,0,0
9707,1,0,0
9710,3,0,0
9711,2,0,0
9713,2,0,0
9714,2,0,0
9715,2,0,0
9716,3,0,0
9717,1,0,0
9718,7,1,0.142857149
9719,1,0,0
9720,2,0,0
9721,3,1,0.333333343
9722,1,1,1
9723,1,0,0
9724,1,0,0
9725,2,1,0.5
9726,1,0,0
9727,3,0,0
9728,3,0,0
9729,3,0,0
9731,1,0,0
9732,1,0,0
9733,1,0,0
9734,2,1,0.5
9737,3,0,0
9738,2,0,0
9739,1,0,0
9740,3,0,0
9741,2,0,0
9742,1,0,0
9743,2,0,0
9744,4,0,0
9745,4,0,0
9746,2,0,0
9748,2,0,0
9749,3,1,0.333333343
9750,1,0,0
9751,1,0,0
9752,3,1,0.333333343
9753,2,1,0.5
9754,4,0,0
9755,4,1,0.25
9756,3,0,0
9757,1,0,0
9758,4,0,0
9759,4,0,0
9760,1,1,1
9761,1,0,0
9762,4,0,0
9763,4,0,0
9765,4,0,0
9767,3,2,0.666666687
9768,1,0,0
9769,3,1,0.333333343
9770,2,1,0.5
9771,3,1,0.333333343
9773,3,0,0
9774,2,0,0
9775,5,1,0.200000003
9777,2,0,0
9779,2,0,0
9780,3,1,0.333333343
9781,3,1,0.333333343
9782,1,1,1
9783,3,0,0
9785,2,0,0
9786,1,0,0
9787,1,0,0
9788,3,0,0
9789,4,0,0
9790,3,1,0.333333343
9791,2,0,0
9792,2,0,0
9793,2,0,0
9794,1,1,1
9795,2,0,0
9796,1,1,1
9797,4,0,0
9798,2,1,0.5
9799,1,0,0
9801,1,0,0
9802,2,0,0
9803,3,1,0.333333343
9804,2,2,1
9805,1,0,0
9806,1,0,0
9807,1,0,0
9808,1,0,0
9809,2,0,0
9810,3,1,0.333333343
9811,4,1,0.25
9812,4,0,0
9813,3,0,0
9814,1,0,0
9815,2,0,0
9816,2,0,0
9817,3,0,0
9818,2,0,0
9819,2,0,0
9820,2,0,0
9821,1,0,0
9822,4,0,0
9823,2,0,0
9824,3,0,0
9825,1,0,0
9827,2,0,0
9828,1,1,1
9829,3,0,0
9830,2,0,0
9831,1,0,0
9832,1,1,1
9833,1,0,0
9834,1,0,0
9835,5,2,0.400000006
9836,1,0,0
9837,1,0,0
9838,4,0,0
9840,1,0,0
9841,2,1,0.5
9842,2,0,0
9843,1,1,1
9844,2,1,0.5
9845,2,0,0
9848,4,1,0.25
9849,3,0,0
9850,1,0,0
9851,4,1,0.25
9852,1,0,0
9853,4,0,0
9854,2,0,0
9855,2,0,0
9856,1,1,1
9857,1,0,0
9858,1,0,0
9859,3,0,0
9860,5,0,0
9861,2,0,0
9863,5,1,0.200000003
9864,2,0,0
9865,5,1,0.200000003
9866,2,2,1
9867,1,0,0
9868,2,0,0
9869,4,0,0
9873,1,0,0
9874,3,0,0
9875,3,0,0
9876,2,0,0
9877,3,0,0
9878,2,1,0.5
9879,3,0,0
9881,2,1,0.5
9882,2,0,0
9883,5,1,0.200000003
9884,1,0,0
9885,4,2,0.5
9886,2,0,0
9887,1,0,0
9889,1,0,0
9890,2,1,0.5
9891,4,1,0.25
9892,2,1,0.5
9893,3,0,0
9895,3,1,0.333333343
9896,2,0,0
9897,6,0,0
9899,2,0,0
9901,1,0,0
9902,2,0,0
9903,4,1,0.25
9904,2,0,0
9905,1,0,0
9907,1,0,0
9908,1,1,1
9909,1,0,0
9911,1,0,0
9912,1,0,0
9914,1,1,1
9915,3,0,0
9917,3,0,0
9918,7,2,0.285714298
9920,3,0,0
9923,1,0,0
9925,5,0,0
9926,2,0,0
9927,4,2,0.5
9928,2,0,0
9929,2,1,0.5
9930,1,0,0
9931,3,0,0
9932,3,0,0
9933,1,0,0
9934,2,0,0
9935,4,1,0.25
9936,1,0,0
9937,5,0,0
9938,1,0,0
9939,2,0,0
9940,3,1,0.333333343
9942,2,0,0
9944,5,0,0
9945,2,0,0
9946,3,1,0.333333343
9947,2,1,0.5
9948,2,0,0
9949,5,2,0.400000006
9950,4,0,0
9951,1,1,1
9952,5,0,0
9953,1,0,0
9954,2,1,0.5
9955,3,1,0.333333343
9956,1,1,1
9958,1,1,1
9959,3,1,0.333333343
9960,2,0,0
9961,3,0,0
9962,4,0,0
9963,2,1,0.5
9964,1,0,0
9965,2,1,0.5
9966,2,0,0
9967,2,0,0
9968,1,1,1
9969,3,2,0.666666687
9970,3,1,0.333333343
9971,1,0,0
9972,1,0,0
9974,1,0,0
9976,4,1,0.25
9977,2,0,0
9978,1,0,0
9979,3,1,0.333333343
9980,2,0,0
9981,1,1,1
9982,2,0,0
9983,3,0,0
9984,1,0,0
9985,2,1,0.5
9986,3,1,0.333333343
9987,1,0,0
9988,1,0,0
9989,1,0,0
9990,2,0,0
9991,3,0,0
9992,1,0,0
9993,1,0,0
9994,1,0,0
9995,3,2,0.666666687
9997,6,1,0.166666672
9998,2,0,0
10000,1,0,0
10001,3,1,0.333333343
10002,1,0,0
10004,1,0,0
10005,1,0,0
10006,3,1,0.333333343
10007,1,0,0
10009,1,0,0
10010,2,1,0.5
10011,1,0,0
10012,2,0,0
10013,1,0,0
10014,3,1,0.333333343
10015,4,1,0.25
10016,3,0,0
10017,2,0,0
10020,1,0,0
10021,1,0,0
10022,6,1,0.166666672
10023,1,0,0
10024,3,2,0.666666687
10025,2,0,0
10026,5,0,0
10027,3,0,0
10028,4,2,0.5
10030,1,1,1
10032,1,0,0
10035,1,0,0
10037,1,0,0
10038,1,0,0
10039,3,0,0
10040,1,1,1
10041,1,0,0
10043,3,0,0
10044,1,0,0
10045,1,1,1
10046,1,0,0
10047,1,0,0
10048,1,1,1
10049,4,0,0
10050,3,0,0
10051,5,0,0
10052,1,0,0
10054,1,0,0
10055,3,1,0.333333343
10056,2,1,0.5
10058,1,0,0
10059,2,1,0.5
10060,2,1,0.5
10061,2,1,0.5
10063,1,0,0
10064,3,1,0.333333343
10066,1,0,0
10067,1,0,0
10068,2,0,0
10069,3,1,0.333333343
10070,2,0,0
10071,2,0,0
10073,2,0,0
10075,2,0,0
10076,2,0,0
10078,4,1,0.25
10080,2,0,0
10081,1,0,0
10082,2,1,0.5
10083,2,0,0
10084,2,0,0
10085,4,0,0
10088,1,0,0
10089,1,0,0
10090,1,0,0
10091,4,0,0
10092,3,0,0
10093,2,0,0
10094,1,0,0
10095,3,0,0
10096,2,0,0
10097,2,0,0
10099,4,0,0
10100,3,0,0
10102,2,0,0
10103,4,1,0.25
10104,3,0,0
10105,1,0,0
10106,2,1,0.5
10107,3,0,0
10108,2,0,0
10109,2,1,0.5
10111,2,0,0
10112,2,1,0.5
10113,3,0,0
10114,2,0,0
10116,6,1,0.166666672
10117,2,0,0
10118,3,0,0
10120,3,0,0
10121,2,1,0.5
10122,3,0,0
10123,3,1,0.333333343
10124,4,0,0
10125,3,2,0.666666687
10126,3,0,0
10129,1,1,1
10130,4,0,0
10131,1,1,1
10132,5,2,0.400000006
10133,4,2,0.5
10134,3,1,0.333333343
10136,2,1,0.5
10137,1,0,0
10139,2,0,0
10140,2,1,0.5
10141,5,0,0
10142,1,1,1
10143,4,0,0
10144,4,0,0
10145,2,0,0
10146,1,0,0
10147,2,0,0
10148,3,1,0.333333343
10149,2,0,0
10151,2,0,0
10152,3,0,0
10153,1,1,1
10154,2,0,0
10155,3,0,0
10156,3,1,0.333333343
10157,3,1,0.333333343
10158,1,0,0
10159,3,0,0
10161,1,0,0
10162,2,1,0.5
10163,2,1,0.5
10164,2,0,0
10165,4,0,0
10166,5,2,0.400000006
10167,3,0,0
10168,1,0,0
10169,2,1,0.5
10170,1,0,0
10171,2,1,0.5
10173,1,1,1
10174,1,0,0
10175,1,0,0
10176,2,0,0
10177,2,0,0
10179,3,0,0
10181,3,2,0.666666687
10182,3,0,0
10184,4,1,0.25
10185,3,1,0.333333343
10186,1,1,1
10188,2,0,0
10189,2,0,0
10190,1,0,0
10191,1,1,1
10192,4,0,0
10193,3,0,0
10194,1,0,0
10195,4,0,0
10196,1,0,0
10197,2,0,0
10198,2,0,0
10199,1,0,0
10200,3,1,0.333333343
10201,5,0,0
10202,2,0,0
10203,1,0,0
10205,3,0,0
10207,1,0,0
10208,1,0,0
10209,4,3,0.75
10210,4,0,0
10211,2,0,0
10212,1,0,0
10214,1,0,0
10215,2,0,0
10216,2,1,0.5
10217,6,1,0.166666672
10218,3,1,0.333333343
10219,3,0,0
10220,2,1,0.5
10221,3,0,0
10222,1,0,0
10223,3,0,0
10224,2,0,0
10225,1,0,0
10226,2,0,0
10227,1,0,0
10228,1,0,0
10229,3,0,0
10231,1,0,0
10232,1,0,0
10233,3,0,0
10234,4,1,0.25
10235,1,1,1
10236,1,1,1
10237,2,0,0
10238,1,0,0
10239,1,0,0
10240,2,0,0
10241,3,1,0.333333343
10242,4,0,0
10244,3,0,0
10246,4,0,0
10247,2,0,0
10248,1,0,0
10249,2,0,0
10251,2,0,0
10252,1,0,0
10254,1,1,1
10255,2,1,0.5
10256,1,0,0
10258,2,0,0
10259,1,0,0
10260,1,0,0
10262,3,0,0
10263,3,1,0.333333343
10264,2,1,0.5
10265,5,1,0.200000003
10266,1,1,1
10267,3,2,0.666666687
10268,2,0,0
10269,2,0,0
10270,1,0,0
10271,3,0,0
10272,3,0,0
10273,1,0,0
10274,1,0,0
10275,1,0,0
10276,1,0,0
10277,3,0,0
10278,1,0,0
10279,2,0,0
10280,1,0,0
10281,2,0,0
10282,3,0,0
10283,1,0,0
10284,1,1,1
10285,1,0,0
10286,5,1,0.200000003
10288,3,0,0
10290,3,0,0
10291,1,1,1
10292,1,0,0
10293,3,2,0.666666687
10294,3,0,0
10295,2,1,0.5
10296,2,1,0.5
10298,1,0,0
10299,6,0,0
10300,1,0,0
10301,4,0,0
10305,3,1,0.333333343
10306,1,0,0
10309,6,1,0.166666672
10311,2,1,0.5
10313,2,0,0
10314,2,0,0
10316,2,0,0
10317,3,0,0
10318,2,0,0
10319,2,0,0
10320,1,0,0
10321,2,0,0
10323,2,1,0.5
10325,3,0,0
10326,1,1,1
10327,1,0,0
10328,4,2,0.5
10329,1,0,0
10330,2,0,0
10331,5,1,0.200000003
10332,1,0,0
10333,2,1,0.5
10334,1,0,0
10335,2,0,0
10336,1,0,0
10337,2,1,0.5
10338,4,0,0
10339,3,0,0
10340,1,1,1
10341,1,1,1
10342,2,0,0
10343,1,0,0
10344,1,0,0
10345,1,1,1
10346,1,0,0
10348,1,0,0
10349,1,0,0
10351,1,0,0
10352,2,0,0
10353,4,1,0.25
10354,1,0,0
10355,3,0,0
10356,1,0,0
10358,4,0,0
10359,2,0,0
10360,1,1,1
10361,2,1,0.5
10362,1,0,0
10363,4,0,0
10364,3,1,0.333333343
10365,1,0,0
10366,3,1,0.333333343
10367,1,0,0
10368,2,0,0
10369,2,0,0
10370,1,0,0
10371,1,0,0
10372,1,0,0
10374,4,0,0
10375,1,0,0
10376,2,1,0.5
10377,3,1,0.333333343
10378,1,0,0
10379,4,0,0
10380,4,0,0
10382,1,0,0
10383,2,1,0.5
10384,2,1,0.5
10385,3,0,0
10386,2,0,0
10387,1,0,0
10388,1,0,0
10389,2,0,0
10390,1,0,0
10391,1,0,0
10392,2,0,0
10393,6,0,0
10394,3,1,0.333333343
10395,1,0,0
10396,3,0,0
10398,1,1,1
10399,2,0,0
10401,2,0,0
10402,2,0,0
10403,1,0,0
10404,3,0,0
10405,3,0,0
10406,2,0,0
10407,3,0,0
10408,1,0,0
10409,1,0,0
10410,3,0,0
10411,5,2,0.400000006
10413,1,1,1
10415,3,1,0.333333343
10416,4,0,0
10417,1,0,0
10418,3,2,0.666666687
10419,2,0,0
10420,1,0,0
10421,3,2,0.666666687
10422,2,1,0.5
10423,2,0,0
10424,2,0,0
10425,2,1,0.5
10426,4,0,0
10427,2,0,0
10428,1,1,1
10430,1,0,0
10431,3,0,0
10432,2,1,0.5
10433,6,1,0.166666672
10436,2,0,0
10437,5,0,0
10439,1,0,0
10440,3,1,0.333333343
10442,4,0,0
10443,2,0,0
10445,2,1,0.5
10446,3,0,0
10447,3,0,0
10449,3,0,0
10450,2,0,0
10451,1,1,1
10452,1,0,0
10453,4,0,0
10454,1,0,0
10456,3,0,0
10457,2,0,0
10458,3,0,0
10460,3,0,0
10462,2,0,0
10463,2,0,0
10466,3,0,0
10467,2,0,0
10468,1,0,0
10471,1,0,0
10472,3,0,0
10473,2,1,0.5
10474,1,0,0
10475,1,0,0
10476,3,0,0
10477,2,0,0
10478,2,0,0
10479,2,0,0
10480,2,0,0
10481,4,1,0.25
10482,1,0,0
10483,1,0,0
10484,5,0,0
10485,3,0,0
10486,2,1,0.5
10487,1,0,0
10489,1,0,0
10490,1,0,0
10491,4,1,0.25
10492,1,0,0
10493,1,0,0
10494,2,0,0
10496,2,0,0
10498,3,0,0
10499,3,0,0
10500,1,0,0
10501,2,0,0
10503,2,0,0
10504,4,1,0.25
10505,2,1,0.5
10506,2,0,0
10508,1,1,1
10510,3,0,0
10511,1,0,0
10512,2,0,0
10513,1,0,0
10514,1,0,0
10515,2,0,0
10516,5,0,0
10517,3,0,0
10519,1,0,0
10520,4,0,0
10521,1,1,1
10522,4,1,0.25
10523,1,0,0
10524,3,0,0
10525,3,0,0
10526,6,1,0.166666672
10527,1,0,0
10528,1,0,0
10531,3,1,0.333333343
10532,1,0,0
10533,2,0,0
10534,2,0,0
10535,2,0,0
10536,7,2,0.285714298
10537,2,1,0.5
10538,2,0,0
10539,1,0,0
10540,2,0,0
10541,2,1,0.5
10542,2,1,0.5
10543,1,0,0
10544,3,0,0
10545,2,1,0.5
10546,3,1,0.333333343
10547,3,1,0.333333343
10548,1,1,1
10549,2,0,0
10550,2,0,0
10552,1,0,0
10553,3,0,0
10554,1,0,0
10555,4,1,0.25
10556,1,0,0
10557,2,0,0
10558,1,0,0
10559,3,1,0.333333343
10560,2,0,0
10561,4,0,0
10562,4,1,0.25
10563,4,1,0.25
10564,1,0,0
10566,1,0,0
10567,1,0,0
10568,1,0,0
10569,1,0,0
10570,1,1,1
10571,1,1,1
10573,1,0,0
10574,2,1,0.5
10575,2,0,0
10576,2,0,0
10577,1,0,0
10578,1,0,0
10579,1,0,0
10580,1,0,0
10581,2,0,0
10582,2,0,0
10583,2,0,0
10584,1,0,0
10585,1,0,0
10587,3,1,0.333333343
10588,2,1,0.5
10589,3,0,0
10590,1,1,1
10591,3,3,1
10592,2,0,0
10593,1,0,0
10594,5,1,0.200000003
10595,2,0,0
10596,2,0,0
10597,1,0,0
10598,1,0,0
10599,2,0,0
10600,3,0,0
10602,1,0,0
10603,1,0,0
10605,1,0,0
10606,1,1,1
10607,1,0,0
10608,1,0,0
10609,4,0,0
10610,3,1,0.333333343
10611,1,0,0
10612,2,0,0
10613,1,0,0
10614,2,0,0
10615,6,0,0
10616,2,0,0
10617,4,1,0.25
10619,2,0,0
10620,2,0,0
10621,4,1,0.25
10622,3,1,0.333333343
10624,1,0,0
10625,3,1,0.333333343
10626,1,1,1
10627,1,0,0
10628,1,0,0
10629,5,2,0.400000006
10630,3,0,0
10631,1,0,0
10632,3,2,0.666666687
10633,1,0,0
10635,2,1,0.5
10636,1,0,0
10637,3,0,0
10638,2,0,0
10639,2,0,0
10640,4,0,0
10641,3,0,0
10642,3,0,0
10643,1,0,0
10644,2,0,0
10645,2,0,0
10647,1,0,0
10648,2,0,0
10650,2,0,0
10651,2,0,0
10652,2,0,0
10653,1,0,0
10654,5,1,0.200000003
10655,1,1,1
10656,2,0,0
10657,2,0,0
10658,3,0,0
10659,1,1,1
10660,2,0,0
10661,3,0,0
10662,1,1,1
10663,1,0,0
10664,3,1,0.333333343
10665,4,1,0.25
10667,3,1,0.333333343
10669,2,0,0
10670,2,0,0
10671,2,1,0.5
10672,4,0,0
10673,5,0,0
10674,1,0,0
10676,1,0,0
10677,5,0,0
10678,3,0,0
10679,1,0,0
10680,2,0,0
10681,3,0,0
10682,5,0,0
10683,4,0,0
10684,1,0,0
10685,2,0,0
10686,3,2,0.666666687
10687,2,0,0
10688,3,0,0
10689,2,0,0
10690,2,0,0
10691,1,0,0
10692,1,0,0
10693,3,0,0
10694,1,0,0
10695,1,0,0
10696,5,1,0.200000003
10697,4,0,0
10698,1,0,0
10699,1,0,0
10700,1,0,0
10701,2,0,0
10702,2,0,0
10703,3,0,0
10704,2,0,0
10705,1,0,0
10706,2,0,0
10708,3,1,0.333333343
10709,6,0,0
10710,1,0,0
10711,2,1,0.5
10712,2,0,0
10713,3,0,0
10715,5,1,0.200000003
10718,1,1,1
10719,1,0,0
10721,2,0,0
10722,2,0,0
10723,2,0,0
10724,1,1,1
10727,3,1,0.333333343
10731,4,1,0.25
10732,2,0,0
10733,2,0,0
10734,1,0,0
10735,2,1,0.5
10737,1,0,0
10739,5,1,0.200000003
10740,2,1,0.5
10742,1,0,0
10744,1,1,1
10745,2,0,0
10746,1,0,0
10747,3,1,0.333333343
10748,1,0,0
10749,2,0,0
10750,2,0,0
10751,1,0,0
10752,3,0,0
10754,1,0,0
10755,4,2,0.5
10756,1,0,0
10757,5,0,0
10759,3,1,0.333333343
10760,1,0,0
10762,2,0,0
10765,2,0,0
10766,1,0,0
10767,3,0,0
10768,1,0,0
10770,3,1,0.333333343
10771,1,0,0
10772,2,0,0
10773,1,0,0
10774,1,0,0
10775,2,0,0
10776,2,0,0
10777,1,0,0
10778,1,0,0
10779,2,1,0.5
10782,2,0,0
10783,2,0,0
10784,4,1,0.25
10785,3,1,0.333333343
10786,3,0,0
10787,2,1,0.5
10789,3,0,0
10790,3,0,0
10791,1,0,0
10793,3,0,0
10794,3,0,0
10795,3,0,0
10796,1,0,0
10797,3,0,0
10798,1,0,0
10799,2,1,0.5
10800,3,1,0.333333343
10801,2,1,0.5
10803,3,0,0
10804,2,0,0
10805,1,0,0
10806,3,0,0
10807,1,0,0
10808,2,1,0.5
10809,1,0,0
10810,4,2,0.5
10811,1,0,0
10812,1,0,0
10813,2,0,0
10814,2,0,0
10815,1,0,0
10817,1,0,0
10818,2,1,0.5
10819,1,0,0
10820,2,0,0
10821,2,0,0
10822,3,0,0
10823,1,0,0
10824,4,2,0.5
10825,1,0,0
10827,4,0,0
10828,1,0,0
10829,3,0,0
10831,4,1,0.25
10832,2,0,0
10833,2,1,0.5
10834,4,1,0.25
10835,2,1,0.5
10836,5,0,0
10838,1,0,0
10839,3,1,0.333333343
10840,1,0,0
10841,1,1,1
10842,2,0,0
10843,3,0,0
10844,2,1,0.5
10845,2,0,0
10846,3,1,0.333333343
10847,1,0,0
10848,2,0,0
10849,3,0,0
10850,2,1,0.5
10852,1,0,0
10853,1,0,0
10854,1,0,0
10855,4,0,0
10856,4,1,0.25
10857,1,0,0
10858,1,0,0
10859,1,1,1
10860,2,0,0
10861,3,0,0
10864,1,0,0
10866,2,1,0.5
10867,3,0,0
10868,2,0,0
10869,2,0,0
10870,3,0,0
10872,1,0,0
10873,2,0,0
10874,1,0,0
10875,2,0,0
10876,1,0,0
10877,2,1,0.5
10878,3,0,0
10879,1,0,0
10880,2,0,0
10881,2,0,0
10882,3,0,0
10883,3,1,0.333333343
10884,5,0,0
10885,2,0,0
10886,5,1,0.200000003
10887,2,0,0
10889,3,0,0
10890,1,1,1
10891,3,1,0.333333343
10892,1,0,0
10893,2,0,0
10894,2,0,0
10895,1,0,0
10896,1,0,0
10897,4,1,0.25
10899,1,0,0
10900,1,0,0
10901,4,1,0.25
10902,4,1,0.25
10903,4,0,0
10905,2,0,0
10906,2,1,0.5
10907,2,0,0
10908,2,0,0
10909,2,0,0
10911,4,0,0
10912,3,1,0.333333343
10914,2,0,0
10915,1,0,0
10916,3,0,0
10917,3,0,0
10919,3,0,0
10921,3,0,0
10922,6,1,0.166666672
10923,1,0,0
10924,2,0,0
10926,4,0,0
10928,1,0,0
10929,2,1,0.5
10931,5,0,0
10932,2,0,0
10934,1,0,0
10935,1,0,0
10937,3,0,0
10940,2,0,0
10941,3,0,0
10942,3,1,0.333333343
10943,3,1,0.333333343
10944,1,0,0
10946,3,0,0
10947,1,0,0
10948,2,0,0
10949,1,0,0
10950,1,0,0
10951,1,0,0
10952,1,0,0
10953,1,1,1
10954,1,1,1
10955,5,0,0
10956,2,0,0
10959,1,0,0
10960,1,0,0
10961,2,1,0.5
10962,4,0,0
10963,3,1,0.333333343
10964,1,0,0
10965,3,0,0
10966,2,0,0
10967,2,0,0
10968,2,0,0
10969,1,0,0
10970,2,0,0
10971,3,0,0
10972,1,0,0
10973,1,0,0
10974,3,0,0
10975,3,1,0.333333343
10977,3,0,0
10978,3,0,0
10979,4,1,0.25
10980,3,1,0.333333343
10981,2,0,0
10982,2,0,0
10984,1,1,1
10985,1,1,1
10986,3,0,0
10987,1,1,1
10988,1,0,0
10989,4,0,0
10990,1,0,0
10991,1,0,0
10992,2,0,0
10995,1,0,0
10996,2,1,0.5
10997,2,0,0
10998,2,1,0.5
10999,2,1,0.5
11000,2,1,0.5
11001,1,0,0
11002,1,0,0
11004,2,0,0
11005,2,1,0.5
11006,1,1,1
11007,2,1,0.5
11008,2,0,0
11009,1,0,0
11010,1,0,0
11011,2,0,0
11012,1,0,0
11013,1,1,1
11014,3,1,0.333333343
11015,3,0,0
11016,3,0,0
11017,3,0,0
11019,4,1,0.25
11021,1,0,0
11023,1,0,0
11024,1,0,0
11026,1,0,0
11027,2,0,0
11028,2,0,0
11029,1,0,0
11030,3,1,0.333333343
11031,3,1,0.333333343
11032,1,0,0
11033,3,0,0
11034,2,1,0.5
11036,2,0,0
11037,2,1,0.5
11039,3,2,0.666666687
11040,4,0,0
11042,2,0,0
11043,2,0,0
11044,3,0,0
11045,2,0,0
11046,3,0,0
11047,2,0,0
11048,1,0,0
11049,3,1,0.333333343
11050,1,0,0
11051,3,0,0
11053,2,1,0.5
11054,4,0,0
11056,2,0,0
11057,4,0,0
11058,3,0,0
11059,1,0,0
11060,1,0,0
11061,1,0,0
11062,1,0,0
11065,3,1,0.333333343
11066,2,0,0
11067,1,0,0
11068,1,0,0
11069,2,0,0
11071,3,1,0.333333343
11072,2,0,0
11073,3,1,0.333333343
11076,1,0,0
11077,6,1,0.166666672
11078,2,1,0.5
11079,1,0,0
11080,2,0,0
11081,2,1,0.5
11082,2,0,0
11083,4,1,0.25
11084,3,0,0
11087,1,0,0
11088,1,0,0
11090,3,0,0
11091,1,0,0
11092,1,0,0
11093,2,0,0
11094,3,0,0
11095,1,0,0
11096,2,0,0
11097,3,0,0
11098,1,0,0
11099,1,0,0
11100,2,0,0
11101,4,1,0.25
11103,2,0,0
11104,2,0,0
11105,2,0,0
11106,1,0,0
11107,3,0,0
11108,1,0,0
11109,1,0,0
11110,3,0,0
11111,2,1,0.5
11112,4,0,0
11113,3,0,0
11114,2,0,0
11115,3,0,0
11117,2,0,0
11118,3,1,0.333333343
11119,2,1,0.5
11121,2,0,0
11122,4,0,0
11124,3,1,0.333333343
11125,4,1,0.25
11127,3,2,0.666666687
11128,3,0,0
11130,3,0,0
11131,2,0,0
11132,2,1,0.5
11134,1,1,1
11136,2,0,0
11139,1,0,0
11140,5,0,0
11141,2,0,0
11142,2,0,0
11143,3,0,0
11144,4,1,0.25
11146,1,0,0
11147,2,0,0
11148,1,1,1
11149,2,0,0
11150,4,1,0.25
11151,1,0,0
11153,1,0,0
11154,2,1,0.5
11155,3,1,0.333333343
11156,1,0,0
11157,3,0,0
11159,3,0,0
11160,1,0,0
11161,2,0,0
11162,2,0,0
11163,1,0,0
11164,1,0,0
11165,2,0,0
11167,3,1,0.333333343
11168,2,0,0
11169,1,0,0
11170,3,0,0
11171,1,0,0
11172,3,0,0
11173,2,0,0
11174,3,1,0.333333343
11175,1,0,0
11176,1,0,0
11177,3,1,0.333333343
11178,2,1,0.5
11181,2,0,0
11182,1,0,0
11183,1,0,0
11185,2,0,0
11186,1,0,0
11187,1,0,0
11188,4,0,0
11189,5,1,0.200000003
11190,1,0,0
11191,1,0,0
11192,2,1,0.5
11193,2,0,0
11194,2,0,0
11196,2,0,0
11197,2,0,0
11198,2,0,0
11200,2,0,0
11201,3,1,0.333333343
11202,2,0,0
11203,1,0,0
11204,2,0,0
11205,2,0,0
11206,3,1,0.333333343
11207,3,0,0
11208,4,0,0
11209,2,1,0.5
11210,2,1,0.5
11211,3,0,0
11212,5,1,0.200000003
11213,2,0,0
11214,2,1,0.5
11216,1,1,1
11217,2,0,0
11218,2,0,0
11219,3,0,0
11220,1,0,0
11221,1,0,0
11222,3,0,0
11223,2,0,0
11224,1,0,0
11225,1,0,0
11227,2,0,0
11228,2,1,0.5
11229,2,1,0.5
11230,3,0,0
11231,3,0,0
11232,2,0,0
11233,4,0,0
11234,2,0,0
11235,2,1,0.5
11236,2,0,0
11237,2,0,0
11238,1,0,0
11239,1,0,0
11240,1,0,0
11242,1,0,0
11243,3,1,0.333333343
11244,1,0,0
11245,2,1,0.5
11246,1,1,1
11248,1,0,0
11249,2,0,0
11250,3,0,0
11251,3,0,0
11252,3,1,0.333333343
11253,3,1,0.333333343
11254,1,0,0
11255,4,0,0
11256,3,0,0
11257,1,0,0
11258,3,1,0.333333343
11259,1,1,1
11260,2,0,0
11261,4,0,0
11262,2,0,0
11263,4,1,0.25
11264,3,1,0.333333343
11265,3,1,0.333333343
11266,3,1,0.333333343
11267,2,0,0
11269,2,0,0
11270,1,1,1
11271,2,0,0
11272,2,0,0
11273,1,0,0
11274,1,0,0
11275,1,0,0
11278,2,0,0
11279,2,0,0
11280,1,1,1
11281,1,0,0
11282,1,0,0
11283,4,1,0.25
11284,2,0,0
11285,1,0,0
11286,1,1,1
11287,1,0,0
11290,2,0,0
11292,1,0,0
11294,2,2,1
11295,2,0,0
11297,4,1,0.25
11298,1,0,0
11300,3,0,0
11301,1,0,0
11302,1,0,0
11303,2,0,0
11304,2,1,0.5
11305,2,0,0
11306,3,1,0.333333343
11309,1,0,0
11310,1,0,0
11311,1,0,0
11312,2,0,0
11313,6,1,0.166666672
11314,1,0,0
11315,3,1,0.333333343
11316,1,0,0
11317,2,0,0
11318,3,1,0.333333343
11319,1,0,0
11320,3,1,0.333333343
11321,2,1,0.5
11322,2,1,0.5
11323,1,0,0
11324,3,2,0.666666687
11325,5,1,0.200000003
11326,2,0,0
11327,2,0,0
11328,1,1,1
11329,1,0,0
11330,1,0,0
11331,2,0,0
11334,2,0,0
11335,3,0,0
11336,2,0,0
11337,2,0,0
11339,4,0,0
11341,2,1,0.5
11342,1,0,0
11343,5,1,0.200000003
11345,3,0,0
11346,1,0,0
11349,5,1,0.200000003
11350,1,0,0
11351,2,0,0
11353,1,1,1
11354,1,0,0
11356,2,0,0
11357,2,1,0.5
11359,5,1,0.200000003
11360,1,0,0
11361,6,1,0.166666672
11363,5,0,0
11364,2,0,0
11365,2,1,0.5
11366,1,0,0
11368,1,0,0
11369,1,0,0
11370,2,0,0
11372,1,0,0
11373,2,1,0.5
11374,3,0,0
11375,1,0,0
11376,3,1,0.333333343
11377,2,1,0.5
11378,1,0,0
11380,2,0,0
11381,3,1,0.333333343
11382,1,0,0
11383,3,0,0
11384,2,0,0
11385,4,1,0.25
11386,1,0,0
11387,5,1,0.200000003
11388,1,0,0
11389,1,0,0
11390,3,1,0.333333343
11394,1,0,0
11395,6,0,0
11396,1,1,1
11397,2,1,0.5
11398,1,0,0
11399,3,1,0.333333343
11400,1,0,0
11401,2,0,0
11403,3,0,0
11406,1,0,0
11407,4,1,0.25
11408,1,0,0
11414,3,0,0
11415,1,0,0
11416,1,0,0
11419,2,1,0.5
11420,2,1,0.5
11421,3,0,0
11422,3,0,0
11423,1,0,0
11424,1,0,0
11425,4,0,0
11426,3,0,0
11427,1,0,0
11428,3,0,0
11429,4,1,0.25
11431,5,0,0
11432,2,0,0
11433,1,0,0
11434,2,0,0
11435,3,1,0.333333343
11440,1,0,0
11441,1,1,1
11443,2,0,0
11444,2,0,0
11447,2,0,0
11448,3,0,0
11449,1,0,0
11450,2,0,0
11451,2,0,0
11452,3,0,0
11453,2,0,0
11454,2,0,0
11455,1,0,0
11456,4,1,0.25
11457,1,0,0
11458,1,0,0
11459,1,0,0
11460,1,0,0
11461,1,0,0
11462,2,2,1
11463,1,1,1
11466,2,1,0.5
11467,1,0,0
11468,1,0,0
11470,2,1,0.5
11471,3,0,0
11472,1,0,0
11473,3,0,0
11474,1,0,0
11475,2,0,0
11476,1,0,0
11477,1,0,0
11478,5,1,0.200000003
11479,4,0,0
11480,1,0,0
11481,2,0,0
11482,2,0,0
11484,1,0,0
11485,1,0,0
11486,1,0,0
11487,2,0,0
11488,1,0,0
11489,4,1,0.25
11490,3,0,0
11491,2,0,0
11492,5,1,0.200000003
11493,2,1,0.5
11494,1,0,0
11495,1,0,0
11496,1,0,0
11497,4,1,0.25
11499,1,0,0
11500,1,0,0
11501,2,0,0
11502,2,0,0
11503,2,0,0
11504,1,0,0
11505,2,0,0
11506,1,0,0
11507,2,2,1
11508,3,0,0
11509,4,0,0
11510,2,0,0
11511,1,0,0
11512,1,0,0
11513,2,0,0
11514,3,1,0.333333343
11517,5,0,0
11519,2,1,0.5
11520,1,0,0
11521,2,0,0
11522,1,0,0
11523,5,0,0
11524,3,0,0
11526,2,0,0
11528,1,0,0
11531,2,0,0
11532,2,1,0.5
11534,2,0,0
11535,2,0,0
11537,1,1,1
11540,3,1,0.333333343
11541,2,1,0.5
11542,1,0,0
11543,2,1,0.5
11544,1,0,0
11545,3,0,0
11546,1,0,0
11547,2,0,0
11548,2,0,0
11549,2,1,0.5
11550,1,0,0
11551,1,0,0
11553,2,0,0
11554,2,0,0
11556,2,0,0
11557,4,0,0
11558,1,0,0
11559,1,0,0
11560,2,0,0
11562,3,0,0
11563,2,0,0
11564,1,1,1
11565,1,0,0
11567,1,0,0
11569,2,0,0
11570,2,0,0
11573,3,0,0
11576,2,0,0
11577,1,0,0
11578,1,1,1
11579,1,0,0
11580,4,0,0
11581,2,0,0
11582,2,1,0.5
11583,3,0,0
11584,2,1,0.5
11585,3,0,0
11586,1,0,0
11587,2,1,0.5
11588,1,0,0
11589,3,1,0.333333343
11590,1,0,0
11591,2,1,0.5
11593,7,0,0
11596,2,0,0
11597,2,0,0
11598,1,0,0
11601,2,0,0
11602,2,0,0
11603,7,1,0.142857149
11604,2,1,0.5
11606,3,0,0
11607,1,0,0
11608,1,0,0
11609,2,1,0.5
11610,1,0,0
11612,2,0,0
11614,1,0,0
11615,1,0,0
11616,3,0,0
11617,1,0,0
11618,1,0,0
11619,5,1,0.200000003
11620,1,0,0
11621,4,0,0
11623,4,0,0
11624,1,0,0
11625,1,0,0
11626,5,1,0.200000003
11627,2,0,0
11628,2,0,0
11629,1,0,0
11630,1,0,0
11631,2,1,0.5
11632,3,0,0
11633,1,0,0
11635,2,0,0
11636,6,0,0
11638,1,0,0
11640,1,0,0
11641,2,0,0
11642,1,0,0
11643,2,0,0
11644,4,0,0
11645,3,1,0.333333343
11647,1,0,0
11648,3,0,0
11649,2,0,0
11650,3,0,0
11651,3,1,0.333333343
11652,2,0,0
11653,2,2,1
11654,1,0,0
11655,5,3,0.600000024
11656,1,0,0
11657,1,0,0
11658,1,0,0
11660,2,0,0
11661,1,0,0
11662,1,0,0
11663,1,0,0
11664,5,0,0
11665,2,0,0
11666,2,0,0
11669,1,0,0
11670,1,0,0
11672,2,0,0
11673,2,0,0
11674,1,1,1
11675,2,0,0
11676,2,0,0
11677,2,0,0
11678,3,1,0.333333343
11679,1,0,0
11680,2,0,0
11681,2,1,0.5
11682,4,0,0
11683,1,0,0
11684,3,0,0
11685,1,0,0
11686,1,1,1
11687,1,0,0
11688,1,0,0
11689,6,1,0.166666672
11691,2,1,0.5
11693,3,0,0
11694,4,0,0
11695,2,1,0.5
11696,1,0,0
11697,3,1,0.333333343
11698,2,0,0
11699,2,0,0
11702,2,0,0
11703,1,0,0
11704,4,0,0
11705,3,0,0
11706,1,1,1
11707,2,0,0
11708,1,0,0
11709,1,1,1
11711,1,0,0
11712,1,0,0
11713,1,0,0
11714,4,1,0.25
11715,1,0,0
11716,2,0,0
11718,2,0,0
11719,2,1,0.5
11720,2,1,0.5
11721,2,0,0
11722,1,1,1
11724,1,0,0
11725,1,0,0
11727,1,1,1
11728,1,0,0
11729,2,0,0
11730,3,0,0
11731,3,0,0
11732,1,0,0
11733,2,1,0.5
11735,2,0,0
11737,1,0,0
11739,2,0,0
11740,2,0,0
11742,1,0,0
11743,1,1,1
11744,1,0,0
11745,1,0,0
11746,3,0,0
11748,1,0,0
11749,2,0,0
11750,1,0,0
11751,2,1,0.5
11752,2,0,0
11753,1,0,0
11754,2,0,0
11756,3,1,0.333333343
11757,3,0,0
11758,4,0,0
11759,1,0,0
11761,2,0,0
11763,2,0,0
11764,1,0,0
11765,2,1,0.5
11768,1,0,0
11769,1,0,0
11771,4,0,0
11772,1,0,0
11773,2,0,0
11774,2,0,0
11776,4,1,0.25
11777,1,0,0
11778,1,1,1
11780,4,0,0
11781,2,1,0.5
11782,1,0,0
11783,2,0,0
11785,1,0,0
11786,2,0,0
11787,2,0,0
11788,1,0,0
11789,2,0,0
11790,1,0,0
11792,1,0,0
11793,2,0,0
11794,1,0,0
11795,1,0,0
11797,2,1,0.5
11799,1,0,0
11800,1,0,0
11801,2,1,0.5
11802,3,0,0
11803,4,1,0.25
11804,1,0,0
11805,1,0,0
11806,1,0,0
11807,2,0,0
11809,1,0,0
11810,3,0,0
11812,1,0,0
11813,2,1,0.5
11814,3,0,0
11816,2,1,0.5
11817,2,1,0.5
11818,1,0,0
11819,6,1,0.166666672
11820,2,0,0
11821,2,0,0
11822,2,0,0
11823,3,1,0.333333343
11824,1,0,0
11826,2,0,0
11827,1,0,0
11828,1,0,0
11829,2,0,0
11830,2,0,0
11831,2,0,0
11832,1,0,0
11834,2,1,0.5
11835,2,0,0
11836,2,0,0
11837,3,0,0
11838,1,0,0
11839,1,0,0
11840,1,0,0
11841,2,1,0.5
11842,4,0,0
11844,3,0,0
11845,2,1,0.5
11846,2,0,0
11847,1,0,0
11848,3,0,0
11849,3,0,0
11850,2,0,0
11851,1,0,0
11852,2,1,0.5
11853,3,0,0
11855,2,0,0
11856,2,0,0
11859,2,0,0
11860,1,1,1
11862,4,1,0.25
11863,1,0,0
11864,2,0,0
11866,2,0,0
11868,1,1,1
11869,5,1,0.200000003
11870,2,0,0
11871,2,0,0
11872,1,0,0
11873,1,1,1
11874,2,0,0
11875,4,1,0.25
11876,3,0,0
11877,3,1,0.333333343
11878,2,0,0
11879,1,1,1
11880,2,2,1
11881,1,0,0
11882,2,0,0
11883,2,0,0
11884,1,0,0
11886,2,1,0.5
11888,4,0,0
11889,3,1,0.333333343
11890,1,0,0
11891,1,0,0
11893,1,0,0
11894,1,1,1
11895,2,1,0.5
11896,2,0,0
11897,3,0,0
11898,1,1,1
11899,1,0,0
11900,3,0,0
11901,2,0,0
11902,2,0,0
11903,2,0,0
11904,3,1,0.333333343
11906,2,0,0
11907,1,0,0
11908,1,0,0
11909,2,0,0
11910,2,1,0.5
11912,2,0,0
11913,1,0,0
11914,2,0,0
11915,2,0,0
11916,3,0,0
11917,1,0,0
11918,2,0,0
11919,2,0,0
11920,1,0,0
11921,5,1,0.200000003
11922,2,0,0
11923,1,0,0
11925,3,0,0
11926,2,0,0
11927,1,1,1
11928,1,1,1
11929,3,0,0
11930,1,0,0
11932,4,0,0
11933,3,1,0.333333343
11934,1,0,0
11937,2,0,0
11938,3,0,0
11939,1,0,0
11940,2,1,0.5
11941,2,0,0
11942,3,2,0.666666687
11943,3,1,0.333333343
11944,1,0,0
11945,1,0,0
11946,4,1,0.25
11948,3,0,0
11949,1,0,0
11950,1,1,1
11951,1,0,0
11952,2,0,0
11954,2,1,0.5
11955,2,0,0
11956,3,1,0.333333343
11958,1,0,0
11959,1,0,0
11961,3,1,0.333333343
11962,1,1,1
11964,1,0,0
11965,2,1,0.5
11966,3,0,0
11967,2,0,0
11968,3,0,0
11969,2,0,0
11970,1,0,0
11971,3,0,0
11972,2,0,0
11973,2,0,0
11975,5,1,0.200000003
11976,1,0,0
11977,2,0,0
11978,3,0,0
11979,1,0,0
11982,3,0,0
11983,3,1,0.333333343
11984,1,0,0
11987,1,0,0
11988,2,0,0
11990,3,0,0
11992,2,0,0
11993,2,1,0.5
11994,1,0,0
11995,2,1,0.5
11996,1,0,0
11997,1,1,1
11999,3,1,0.333333343
12000,2,0,0
12001,2,1,0.5
12002,1,1,1
12003,1,1,1
12004,1,0,0
12006,1,0,0
12007,1,1,1
12008,3,0,0
12010,1,0,0
12011,2,0,0
12012,1,0,0
12013,1,0,0
12014,1,0,0
12015,2,0,0
12016,1,0,0
12017,1,0,0
12018,3,0,0
12020,1,0,0
12021,1,0,0
12022,4,0,0
12024,2,1,0.5
12027,2,0,0
12028,2,0,0
12030,3,0,0
12033,1,0,0
12034,4,1,0.25
12035,2,1,0.5
12036,1,0,0
12037,3,1,0.333333343
12038,1,1,1
12039,2,0,0
12041,3,0,0
12042,5,2,0.400000006
12043,2,0,0
12044,1,1,1
12046,1,1,1
12047,1,0,0
12048,1,1,1
12049,3,0,0
12050,1,0,0
12051,2,0,0
12053,2,0,0
12054,1,0,0
12055,2,0,0
12056,2,0,0
12057,2,0,0
12058,3,0,0
12059,1,0,0
12061,4,0,0
12062,1,0,0
12063,2,0,0
12065,4,1,0.25
12066,5,2,0.400000006
12067,1,0,0
12068,2,0,0
12069,1,0,0
12070,4,0,0
12072,1,0,0
12073,2,2,1
12074,2,1,0.5
12076,1,0,0
12077,1,1,1
12079,2,0,0
12080,3,0,0
12081,1,0,0
12082,3,1,0.333333343
12084,1,0,0
12086,1,1,1
12087,3,0,0
12089,2,0,0
12090,3,0,0
12091,1,1,1
12092,1,0,0
12093,2,1,0.5
12094,3,0,0
12095,5,0,0
12096,1,0,0
12097,1,0,0
12098,2,0,0
12099,3,1,0.333333343
12100,2,0,0
12101,1,0,0
12102,3,0,0
12103,1,0,0
12104,1,0,0
12105,3,0,0
12106,2,0,0
12107,2,0,0
12109,3,1,0.333333343
12112,2,0,0
12113,2,1,0.5
12114,2,0,0
12115,2,1,0.5
12117,4,1,0.25
12118,1,1,1
12119,1,0,0
12120,1,0,0
12121,4,0,0
12122,2,0,0
12123,1,0,0
12125,2,0,0
12127,4,0,0
12128,1,0,0
12130,5,1,0.200000003
12132,3,0,0
12134,3,0,0
12135,2,1,0.5
12139,3,0,0
12140,2,1,0.5
12141,1,0,0
12142,1,0,0
12143,3,1,0.333333343
12144,4,0,0
12145,1,0,0
12146,1,0,0
12147,2,0,0
12148,5,0,0
12149,2,1,0.5
12150,1,0,0
12153,4,1,0.25
12154,2,0,0
12155,3,0,0
12156,2,0,0
12157,1,0,0
12159,1,0,0
12160,1,0,0
12161,1,0,0
12162,2,0,0
12163,1,0,0
12164,2,0,0
12165,4,1,0.25
12166,3,1,0.333333343
12168,3,1,0.333333343
12171,1,0,0
12172,2,0,0
12173,2,1,0.5
12174,3,1,0.333333343
12176,1,0,0
12177,1,0,0
12178,2,1,0.5
12179,1,0,0
12180,1,0,0
12181,2,0,0
12183,3,0,0
12184,1,0,0
12185,1,1,1
12186,1,0,0
12187,2,0,0
12188,4,0,0
12189,1,0,0
12190,2,0,0
12191,1,1,1
12192,1,0,0
12193,3,1,0.333333343
12195,2,0,0
12196,2,0,0
12197,2,0,0
12198,1,0,0
12199,2,0,0
12200,2,1,0.5
12201,2,0,0
12202,5,0,0
12203,1,0,0
12204,1,0,0
12207,2,1,0.5
12208,2,0,0
12209,1,0,0
12210,1,0,0
12211,1,0,0
12212,1,0,0
12213,1,0,0
12215,1,0,0
12216,2,1,0.5
12217,1,0,0
12218,1,0,0
12219,2,0,0
12220,1,0,0
12221,3,0,0
12222,1,0,0
12223,1,0,0
12224,3,2,0.666666687
12225,1,0,0
12226,4,0,0
12227,2,0,0
12228,2,0,0
12229,1,0,0
12231,1,0,0
12232,2,0,0
12233,3,0,0
12234,3,1,0.333333343
12235,1,0,0
12236,2,0,0
12237,2,0,0
12238,2,1,0.5
12239,1,0,0
12240,3,0,0
12241,3,0,0
12244,1,1,1
12245,2,1,0.5
12247,1,0,0
12248,2,1,0.5
12249,4,2,0.5
12250,4,2,0.5
12252,2,0,0
12253,1,0,0
12254,3,0,0
12255,2,1,0.5
12256,1,1,1
12257,1,0,0
12258,1,0,0
12259,5,1,0.200000003
12260,2,1,0.5
12262,2,0,0
12263,2,0,0
12268,1,1,1
12269,1,1,1
12270,4,1,0.25
12271,3,0,0
12272,3,0,0
12275,5,1,0.200000003
12277,2,0,0
12278,2,0,0
12279,1,0,0
12280,1,0,0
12283,3,1,0.333333343
12284,4,0,0
12286,1,0,0
12287,1,0,0
12288,1,0,0
12289,1,0,0
12290,3,0,0
12291,2,0,0
12292,1,0,0
12293,3,0,0
12294,1,0,0
12295,2,1,0.5
12296,1,0,0
12297,1,0,0
12298,2,0,0
12299,1,0,0
12300,3,3,1
12301,2,0,0
12302,1,0,0
12303,1,0,0
12304,1,0,0
12306,1,0,0
12307,1,0,0
12308,4,0,0
12310,1,0,0
12312,2,1,0.5
12313,2,2,1
12314,2,1,0.5
12315,3,0,0
12316,2,0,0
12317,2,0,0
12318,3,0,0
12319,2,0,0
12320,3,0,0
12321,2,0,0
12322,1,0,0
12323,4,0,0
12325,2,0,0
12326,4,1,0.25
12327,2,0,0
12328,1,0,0
12329,1,1,1
12330,1,0,0
12331,3,1,0.333333343
12332,1,1,1
12333,1,0,0
12334,1,0,0
12335,2,0,0
12337,3,0,0
12338,1,0,0
12339,3,0,0
12340,1,1,1
12341,4,0,0
12342,2,0,0
12343,1,0,0
12344,1,0,0
12346,1,1,1
12348,1,0,0
12349,1,0,0
12350,2,0,0
12351,1,0,0
12352,2,0,0
12353,1,1,1
12355,2,0,0
12356,2,1,0.5
12357,4,0,0
12358,3,0,0
12359,2,0,0
12361,1,1,1
12362,4,1,0.25
12363,1,0,0
12364,1,0,0
12365,1,0,0
12366,1,0,0
12367,1,0,0
12368,2,0,0
12371,1,0,0
12372,2,1,0.5
12374,4,0,0
12375,1,0,0
12376,3,1,0.333333343
12377,2,1,0.5
12379,1,0,0
12380,2,0,0
12381,4,0,0
12382,2,0,0
12383,3,1,0.333333343
12384,4,0,0
12385,1,0,0
12386,2,0,0
12387,2,1,0.5
12388,2,1,0.5
12389,5,1,0.200000003
12390,1,1,1
12391,1,0,0
12392,1,0,0
12393,1,0,0
12394,1,0,0
12395,1,0,0
12396,3,0,0
12397,1,0,0
12398,2,0,0
12399,1,0,0
12400,1,0,0
12401,1,0,0
12402,1,0,0
12404,2,0,0
12405,2,0,0
12406,2,0,0
12407,4,2,0.5
12408,1,0,0
12409,3,0,0
12410,4,1,0.25
12411,1,0,0
12412,2,1,0.5
12413,2,2,1
12414,2,1,0.5
12415,1,1,1
12416,1,1,1
12417,1,0,0
12418,2,0,0
12419,3,0,0
12420,5,1,0.200000003
12422,1,0,0
12423,1,0,0
12424,1,0,0
12425,5,2,0.400000006
12426,3,0,0
12427,1,0,0
12428,2,0,0
12429,1,0,0
12430,1,1,1
12432,2,0,0
12433,1,0,0
12435,1,0,0
12436,2,1,0.5
12437,3,2,0.666666687
12438,1,0,0
12439,2,0,0
12441,2,0,0
12442,5,0,0
12443,2,0,0
12444,3,0,0
12446,3,1,0.333333343
12447,2,1,0.5
12448,2,0,0
12449,1,0,0
12450,3,0,0
12451,5,0,0
12453,1,0,0
12454,1,0,0
12456,2,0,0
12457,1,0,0
12458,1,0,0
12459,1,0,0
12462,1,0,0
12463,1,0,0
12464,1,0,0
12465,1,0,0
12466,1,1,1
12467,1,0,0
12469,3,1,0.333333343
12470,1,0,0
12471,1,0,0
12472,5,1,0.200000003
12473,2,0,0
12475,1,0,0
12476,4,1,0.25
12477,3,0,0
12478,6,2,0.333333343
12480,3,1,0.333333343
12481,1,0,0
12482,1,1,1
12483,1,0,0
12484,2,0,0
12485,2,0,0
12487,1,0,0
12488,2,0,0
12490,4,0,0
12491,1,0,0
12492,3,0,0
12493,2,0,0
12494,2,0,0
12495,1,1,1
12496,3,0,0
12497,2,0,0
12499,1,0,0
12500,1,0,0
12501,5,0,0
12502,2,0,0
12503,1,0,0
12504,1,1,1
12505,1,0,0
12506,4,1,0.25
12509,1,0,0
12510,1,0,0
12511,2,0,0
12512,3,1,0.333333343
12513,1,0,0
12515,1,0,0
12517,1,0,0
12518,3,0,0
12519,3,0,0
12520,1,0,0
12521,3,0,0
12522,2,1,0.5
12523,1,0,0
12524,2,0,0
12525,1,0,0
12526,2,0,0
12528,2,0,0
12529,3,1,0.333333343
12531,2,0,0
12532,2,0,0
12533,3,0,0
12535,2,0,0
12536,2,0,0
12537,2,0,0
12538,3,0,0
12542,2,0,0
12544,1,0,0
12546,2,0,0
12547,3,0,0
12548,1,0,0
12552,4,1,0.25
12553,1,0,0
12554,3,0,0
12555,2,1,0.5
12556,1,0,0
12557,2,0,0
12559,2,0,0
12561,1,0,0
12562,2,0,0
12563,1,0,0
12564,1,0,0
12565,1,1,1
12566,2,0,0
12567,1,0,0
12568,3,1,0.333333343
12569,2,1,0.5
12570,1,0,0
12571,2,1,0.5
12572,2,0,0
12573,3,0,0
12574,1,0,0
12575,1,0,0
12576,1,0,0
12577,3,1,0.333333343
12578,2,0,0
12580,2,1,0.5
12582,2,0,0
12583,1,0,0
12584,2,1,0.5
12585,1,0,0
12586,1,0,0
12587,3,1,0.333333343
12588,2,1,0.5
12589,3,0,0
12590,1,0,0
12593,1,0,0
12594,4,1,0.25
12595,1,0,0
12596,1,1,1
12597,3,0,0
12598,3,1,0.333333343
12599,1,0,0
12600,1,0,0
12601,2,0,0
12602,1,0,0
12604,1,0,0
12605,1,0,0
12607,3,1,0.333333343
12608,1,0,0
12609,3,0,0
12612,3,0,0
12613,2,0,0
12614,1,0,0
12615,2,0,0
12616,2,0,0
12617,2,0,0
12618,5,1,0.200000003
12619,2,0,0
12620,2,0,0
12623,5,0,0
12624,5,1,0.200000003
12625,1,0,0
12628,2,0,0
12629,4,1,0.25
12630,1,0,0
12632,4,1,0.25
12633,2,0,0
12634,1,1,1
12635,2,1,0.5
12638,1,1,1
12639,2,0,0
12640,2,1,0.5
12641,1,0,0
12642,3,0,0
12644,2,0,0
12645,2,0,0
12646,3,1,0.333333343
12647,1,0,0
12648,3,1,0.333333343
12649,1,1,1
12650,2,0,0
12651,2,0,0
12652,2,0,0
12653,2,0,0
12654,2,0,0
12655,1,0,0
12656,1,0,0
12657,1,0,0
12658,2,0,0
12659,3,1,0.333333343
12661,3,0,0
12662,3,0,0
12663,5,2,0.400000006
12664,2,0,0
12665,1,0,0
12666,3,0,0
12667,2,0,0
12668,1,1,1
12671,1,0,0
12672,1,1,1
12673,3,1,0.333333343
12675,2,0,0
12677,3,0,0
12678,3,0,0
12679,2,0,0
12680,5,2,0.400000006
12681,3,0,0
12682,3,1,0.333333343
12683,2,0,0
12684,2,1,0.5
12685,2,0,0
12688,4,0,0
12689,2,0,0
12690,2,0,0
12691,3,0,0
12692,1,0,0
12694,2,1,0.5
12695,2,0,0
12696,1,0,0
12698,1,0,0
12699,1,1,1
12700,1,0,0
12701,1,1,1
12704,2,0,0
12705,2,0,0
12706,1,0,0
12708,1,0,0
12710,3,1,0.333333343
12711,1,0,0
12712,1,0,0
12713,2,1,0.5
12714,3,0,0
12715,3,0,0
12716,4,0,0
12717,1,1,1
12718,2,0,0
12719,1,0,0
12720,3,2,0.666666687
12721,1,1,1
12723,1,1,1
12724,1,0,0
12725,6,0,0
12726,1,0,0
12727,2,0,0
12729,3,1,0.333333343
12730,1,1,1
12732,3,0,0
12733,4,1,0.25
12736,1,0,0
12738,1,0,0
12739,1,0,0
12740,2,1,0.5
12741,2,0,0
12742,1,1,1
12743,1,0,0
12744,1,0,0
12745,1,0,0
12749,2,0,0
12750,1,0,0
12751,1,0,0
12753,3,1,0.333333343
12755,1,0,0
12756,3,0,0
12757,1,1,1
12760,1,0,0
12762,1,0,0
12763,2,1,0.5
12764,2,0,0
12766,2,0,0
12767,3,0,0
12768,5,1,0.200000003
12770,2,0,0
12773,3,0,0
12776,2,0,0
12777,2,1,0.5
12778,1,0,0
12779,3,0,0
12780,2,0,0
12781,2,1,0.5
12783,1,0,0
12785,2,1,0.5
12787,1,0,0
12788,3,0,0
12789,1,0,0
12791,1,0,0
12796,2,1,0.5
12797,3,0,0
12798,3,1,0.333333343
12800,1,0,0
12801,4,1,0.25
12803,2,0,0
12804,3,0,0
12805,2,1,0.5
12807,4,0,0
12808,2,0,0
12809,1,0,0
12810,3,0,0
12811,1,1,1
12812,1,0,0
12813,3,0,0
12814,2,0,0
12815,2,0,0
12816,4,0,0
12818,3,2,0.666666687
12819,3,0,0
12820,2,0,0
12821,1,0,0
12822,1,1,1
12823,2,1,0.5
12824,5,0,0
12825,1,0,0
12826,1,0,0
12827,2,1,0.5
12828,1,0,0
12829,2,0,0
12830,3,0,0
12831,2,1,0.5
12832,3,1,0.333333343
12833,1,0,0
12834,2,0,0
12835,3,0,0
12836,1,1,1
12837,1,0,0
12839,2,0,0
12840,3,0,0
12841,1,0,0
12842,1,1,1
12844,2,1,0.5
12846,1,0,0
12849,1,0,0
12850,1,0,0
12851,2,0,0
12852,2,0,0
12854,3,0,0
12855,2,0,0
12856,3,0,0
12857,2,0,0
12858,1,1,1
12859,1,0,0
12860,3,0,0
12861,2,1,0.5
12862,2,0,0
12863,2,0,0
12864,4,0,0
12865,1,0,0
12866,4,1,0.25
12867,2,0,0
12869,1,0,0
12872,3,1,0.333333343
12874,3,0,0
12875,1,1,1
12876,1,0,0
12877,2,0,0
12878,1,0,0
12879,1,1,1
12880,5,1,0.200000003
12884,2,0,0
12886,2,1,0.5
12887,1,0,0
12888,3,0,0
12889,2,0,0
12890,1,0,0
12891,4,0,0
12892,3,0,0
12896,3,1,0.333333343
12897,2,0,0
12898,2,0,0
12899,1,0,0
12900,2,0,0
12902,3,0,0
12907,1,0,0
12908,1,0,0
12910,3,1,0.333333343
12911,2,0,0
12912,2,1,0.5
12913,3,1,0.333333343
12914,1,0,0
12915,1,0,0
12916,2,0,0
12917,2,0,0
12918,4,1,0.25
12919,2,0,0
12921,1,0,0
12923,2,0,0
12925,4,1,0.25
12926,1,0,0
12927,1,0,0
12928,2,1,0.5
12929,2,0,0
12930,1,0,0
12931,1,0,0
12932,1,0,0
12933,3,2,0.666666687
12934,2,0,0
12935,1,0,0
12937,3,1,0.333333343
12938,3,0,0
12939,1,0,0
12942,3,0,0
12943,1,1,1
12945,1,1,1
12946,3,2,0.666666687
12947,2,0,0
12948,1,0,0
12951,2,0,0
12953,1,0,0
12954,5,0,0
12955,2,1,0.5
12956,3,1,0.333333343
12959,3,0,0
12960,1,0,0
12961,1,0,0
12962,2,0,0
12964,1,0,0
12965,2,0,0
12966,1,1,1
12967,2,1,0.5
12968,1,0,0
12969,4,1,0.25
12970,2,0,0
12971,1,0,0
12972,1,0,0
12974,2,0,0
12975,3,1,0.333333343
12976,3,0,0
12977,1,0,0
12978,3,1,0.333333343
12979,2,0,0
12980,3,0,0
12981,1,0,0
12983,1,1,1
12984,2,0,0
12985,1,0,0
12986,4,0,0
12987,1,0,0
12988,1,1,1
12989,1,0,0
12991,1,0,0
12992,2,0,0
12993,1,0,0
12994,2,0,0
12995,2,0,0
12996,1,0,0
12997,2,0,0
13001,1,1,1
13002,2,0,0
13005,1,1,1
13006,3,0,0
13007,3,0,0
13008,1,0,0
13010,1,0,0
13011,2,0,0
13013,1,0,0
13014,1,0,0
13015,1,0,0
13016,3,0,0
13017,1,1,1
13018,3,1,0.333333343
13019,1,1,1
13020,2,0,0
13021,2,0,0
13022,2,1,0.5
13023,1,0,0
13024,2,0,0
13025,4,0,0
13026,1,1,1
13027,2,0,0
13028,2,0,0
13029,3,0,0
13030,2,0,0
13031,1,0,0
13032,1,0,0
13033,1,0,0
13034,1,0,0
13035,4,1,0.25
13036,1,0,0
13038,2,0,0
13039,1,0,0
13040,1,1,1
13041,1,1,1
13042,1,0,0
13043,3,1,0.333333343
13044,2,0,0
13045,1,0,0
13048,1,0,0
13050,2,1,0.5
13051,5,1,0.200000003
13055,1,0,0
13056,1,0,0
13057,2,0,0
13058,1,0,0
13059,2,1,0.5
13060,3,0,0
13061,2,0,0
13063,1,0,0
13065,3,0,0
13066,2,0,0
13067,1,0,0
13068,1,0,0
13069,4,2,0.5
13070,3,1,0.333333343
13071,3,0,0
13073,3,1,0.333333343
13074,1,0,0
13075,1,0,0
13076,3,0,0
13077,2,0,0
13078,3,1,0.333333343
13080,3,0,0
13081,1,0,0
13082,1,0,0
13083,1,0,0
13084,1,0,0
13085,1,0,0
13086,2,0,0
13087,1,0,0
13088,4,0,0
13089,2,0,0
13090,2,0,0
13091,4,1,0.25
13092,1,0,0
13093,2,0,0
13094,2,0,0
13095,2,0,0
13096,2,0,0
13097,3,1,0.333333343
13098,1,0,0
13101,2,1,0.5
13102,1,1,1
13103,1,0,0
13106,2,1,0.5
13108,2,0,0
13109,1,0,0
13111,2,0,0
13112,1,0,0
13113,1,0,0
13114,1,0,0
13115,1,1,1
13117,3,0,0
13119,2,1,0.5
13120,4,1,0.25
13121,1,0,0
13122,1,0,0
13123,1,1,1
13124,2,0,0
13126,1,1,1
13127,1,0,0
13128,2,0,0
13129,4,1,0.25
13130,4,2,0.5
13131,1,0,0
13132,2,0,0
13133,1,0,0
13135,1,1,1
13136,1,0,0
13138,3,0,0
13139,2,0,0
13140,2,0,0
13141,4,1,0.25
13142,2,0,0
13143,2,0,0
13144,3,0,0
13145,3,1,0.333333343
13146,5,1,0.200000003
13147,2,0,0
13148,4,1,0.25
13149,2,1,0.5
13150,1,0,0
13151,1,0,0
13152,1,0,0
13153,3,0,0
13155,2,2,1
13157,2,0,0
13159,3,0,0
13160,1,0,0
13161,3,0,0
13162,1,0,0
13163,1,1,1
13164,1,0,0
13165,1,0,0
13167,1,0,0
13168,2,1,0.5
13169,3,1,0.333333343
13170,1,0,0
13173,1,0,0
13174,4,0,0
13177,2,1,0.5
13178,1,0,0
13180,3,0,0
13182,2,0,0
13183,2,0,0
13184,1,0,0
13185,1,0,0
13186,1,0,0
13187,1,0,0
13188,3,1,0.333333343
13190,1,0,0
13192,1,1,1
13193,3,0,0
13194,1,1,1
13195,3,1,0.333333343
13200,1,0,0
13201,3,0,0
13202,3,1,0.333333343
13203,2,0,0
13204,1,0,0
13205,3,0,0
13206,1,0,0
13207,2,0,0
13208,3,0,0
13209,1,0,0
13210,3,1,0.333333343
13211,3,0,0
13212,1,1,1
13213,1,0,0
13214,2,0,0
13215,1,0,0
13217,1,0,0
13218,1,1,1
13219,2,0,0
13220,1,0,0
13222,4,1,0.25
13223,3,0,0
13224,1,0,0
13225,1,0,0
13226,4,2,0.5
13227,1,0,0
13230,1,0,0
13231,1,0,0
13232,3,2,0.666666687
13233,2,0,0
13235,1,0,0
13236,1,0,0
13239,1,0,0
13240,1,0,0
13241,1,0,0
13242,2,1,0.5
13243,1,0,0
13244,1,0,0
13246,1,1,1
13247,3,0,0
13248,2,0,0
13249,1,0,0
13250,1,0,0
13252,1,0,0
13253,2,0,0
13254,1,0,0
13255,1,0,0
13259,1,0,0
13260,2,0,0
13262,1,0,0
13265,1,1,1
13266,2,0,0
13267,2,1,0.5
13268,2,0,0
13269,3,0,0
13270,1,0,0
13272,2,0,0
13273,3,0,0
13275,1,0,0
13276,1,0,0
13278,3,0,0
13279,1,0,0
13280,1,0,0
13281,2,0,0
13283,2,0,0
13284,2,0,0
13286,1,0,0
13287,2,1,0.5
13289,2,0,0
13292,3,0,0
13293,1,0,0
13294,2,1,0.5
13295,3,0,0
13296,5,0,0
13298,2,0,0
13299,2,0,0
13301,1,0,0
13303,3,0,0
13306,2,0,0
13307,1,0,0
13308,2,1,0.5
13312,3,0,0
13313,2,1,0.5
13314,1,0,0
13315,2,0,0
13317,2,0,0
13318,3,0,0
13320,2,0,0
13321,3,0,0
13322,2,0,0
13324,1,0,0
13325,4,1,0.25
13328,1,0,0
13329,1,0,0
13330,1,0,0
13331,2,0,0
13333,1,0,0
13334,1,0,0
13335,2,0,0
13337,1,0,0
13338,1,0,0
13339,2,1,0.5
13341,1,0,0
13343,1,1,1
13344,3,0,0
13345,2,0,0
13346,3,1,0.333333343
13347,2,0,0
13351,1,0,0
13352,2,0,0
13353,2,0,0
13354,3,0,0
13355,2,1,0.5
13356,1,0,0
13358,1,0,0
13361,1,0,0
13362,2,0,0
13364,2,0,0
13365,1,0,0
13366,1,0,0
13367,4,0,0
13368,4,1,0.25
13369,3,1,0.333333343
13370,2,0,0
13372,1,0,0
13375,2,0,0
13377,5,0,0
13380,3,0,0
13381,3,1,0.333333343
13382,3,0,0
13383,1,0,0
13385,3,0,0
13386,2,0,0
13387,3,0,0
13388,1,0,0
13389,1,0,0
13390,2,0,0
13394,3,1,0.333333343
13396,1,0,0
13397,1,0,0
13398,3,0,0
13400,2,0,0
13401,1,0,0
13402,2,2,1
13403,2,0,0
13404,1,1,1
13405,2,0,0
13406,2,0,0
13407,1,0,0
13408,3,1,0.333333343
13409,3,0,0
13410,2,0,0
13412,1,1,1
13413,3,0,0
13414,2,0,0
13418,3,1,0.333333343
13419,2,0,0
13420,1,0,0
13421,2,1,0.5
13422,2,0,0
13423,1,0,0
13425,2,1,0.5
13426,3,0,0
13427,1,0,0
13429,2,0,0
13430,1,1,1
13432,1,0,0
13433,1,1,1
13434,2,1,0.5
13435,1,0,0
13436,3,0,0
13437,1,0,0
13438,2,0,0
13439,1,0,0
13440,1,0,0
13442,3,0,0
13443,3,0,0
13444,2,0,0
13445,1,0,0
13446,3,0,0
13447,2,0,0
13449,2,1,0.5
13450,1,0,0
13452,1,0,0
13453,1,0,0
13454,2,0,0
13455,1,0,0
13456,2,0,0
13457,1,1,1
13458,4,0,0
13459,1,0,0
13461,1,0,0
13462,1,1,1
13463,1,0,0
13464,1,0,0
13465,1,0,0
13466,1,0,0
13467,1,0,0
13468,1,0,0
13469,1,0,0
13470,1,0,0
13474,1,1,1
13475,3,0,0
13476,2,0,0
13477,3,1,0.333333343
13479,3,0,0
13481,1,0,0
13482,4,0,0
13483,3,0,0
13484,2,1,0.5
13485,2,0,0
13486,1,0,0
13487,1,0,0
13488,2,0,0
13489,1,0,0
13491,1,0,0
13492,2,1,0.5
13493,2,1,0.5
13494,3,0,0
13495,2,1,0.5
13496,2,0,0
13497,3,1,0.333333343
13499,1,0,0
13501,1,0,0
13502,2,0,0
13503,1,0,0
13507,2,0,0
13508,2,0,0
13509,1,1,1
13510,1,0,0
13511,1,0,0
13512,1,0,0
13514,1,0,0
13516,2,0,0
13518,2,0,0
13519,1,0,0
13522,2,0,0
13523,2,0,0
13525,1,0,0
13526,1,0,0
13527,2,1,0.5
13529,2,0,0
13530,1,0,0
13532,1,0,0
13533,2,1,0.5
13535,1,0,0
13537,3,0,0
13538,2,0,0
13539,4,1,0.25
13540,1,0,0
13541,2,2,1
13543,1,0,0
13546,3,0,0
13547,1,0,0
13548,1,0,0
13551,2,0,0
13552,1,0,0
13553,3,2,0.666666687
13554,1,0,0
13559,1,0,0
13561,1,0,0
13562,3,0,0
13563,1,0,0
13564,3,0,0
13565,1,0,0
13566,1,0,0
13567,2,2,1
13568,3,1,0.333333343
13569,2,0,0
13570,1,1,1
13571,5,0,0
13573,1,0,0
13574,3,0,0
13575,1,0,0
13576,2,0,0
13577,1,0,0
13578,2,1,0.5
13580,2,1,0.5
13581,1,1,1
13582,2,0,0
13583,1,0,0
13584,1,0,0
13585,2,0,0
13586,4,0,0
13587,1,0,0
13588,2,0,0
13589,2,1,0.5
13590,2,0,0
13593,2,0,0
13594,2,0,0
13595,2,0,0
13597,1,0,0
13598,1,1,1
13599,1,0,0
13600,1,0,0
13601,3,1,0.333333343
13602,1,0,0
13603,1,0,0
13604,2,0,0
13605,3,0,0
13606,2,0,0
13609,1,0,0
13611,1,0,0
13612,2,0,0
13614,1,0,0
13615,1,0,0
13616,3,0,0
13617,2,1,0.5
13618,2,0,0
13619,2,0,0
13620,2,0,0
13622,2,0,0
13623,1,0,0
13625,3,0,0
13626,1,0,0
13627,2,0,0
13628,2,0,0
13632,2,0,0
13633,2,0,0
13634,1,0,0
13635,1,0,0
13636,1,0,0
13638,2,0,0
13639,1,0,0
13640,1,0,0
13641,3,0,0
13642,1,1,1
13643,1,0,0
13645,2,0,0
13646,1,0,0
13649,2,1,0.5
13650,1,0,0
13651,1,0,0
13652,1,0,0
13654,1,0,0
13655,1,0,0
13656,1,0,0
13657,3,0,0
13659,1,0,0
13660,1,0,0
13661,2,0,0
13663,1,0,0
13665,2,0,0
13666,3,1,0.333333343
13669,1,0,0
13670,1,0,0
13671,1,0,0
13673,3,1,0.333333343
13674,2,0,0
13675,1,0,0
13677,1,1,1
13679,1,0,0
13680,2,0,0
13681,1,1,1
13682,2,1,0.5
13683,1,0,0
13684,1,0,0
13685,2,1,0.5
13689,1,0,0
13691,1,0,0
13692,1,1,1
13693,2,0,0
13695,4,1,0.25
13696,1,0,0
13697,2,0,0
13698,3,0,0
13699,4,0,0
13700,1,0,0
13703,2,0,0
13705,3,0,0
13706,1,0,0
13708,3,0,0
13709,4,1,0.25
13711,2,0,0
13714,1,0,0
13715,2,0,0
13716,2,0,0
13717,1,0,0
13718,1,0,0
13720,2,1,0.5
13722,1,0,0
13723,2,0,0
13724,2,0,0
13725,3,2,0.666666687
13726,1,0,0
13727,1,0,0
13728,4,0,0
13729,1,0,0
13730,3,0,0
13733,1,0,0
13734,2,0,0
13736,4,1,0.25
13738,2,0,0
13739,1,0,0
13740,1,0,0
13741,1,1,1
13742,2,0,0
13743,4,0,0
13745,1,0,0
13746,1,1,1
13747,3,0,0
13748,1,1,1
13749,4,0,0
13750,1,0,0
13752,1,0,0
13753,4,2,0.5
13756,2,0,0
13757,1,0,0
13758,2,1,0.5
13759,1,0,0
13760,5,0,0
13761,2,0,0
13762,1,0,0
13763,2,0,0
13766,2,1,0.5
13767,1,0,0
13768,3,0,0
13769,3,0,0
13771,1,1,1
13772,4,0,0
13773,1,0,0
13776,1,0,0
13777,2,0,0
13779,1,0,0
13781,2,0,0
13783,1,0,0
13784,2,0,0
13785,1,0,0
13786,3,1,0.333333343
13787,1,1,1
13788,2,2,1
13790,2,0,0
13791,1,0,0
13793,1,0,0
13796,2,0,0
13797,1,0,0
13799,1,0,0
13801,2,0,0
13803,1,0,0
13804,3,1,0.333333343
13805,1,0,0
13807,2,0,0
13810,2,0,0
13812,4,0,0
13813,1,0,0
13814,2,1,0.5
13816,2,0,0
13818,2,0,0
13819,3,0,0
13820,2,0,0
13822,3,1,0.333333343
13823,2,0,0
13826,1,1,1
13827,1,0,0
13828,2,0,0
13830,2,0,0
13832,2,0,0
13833,3,1,0.333333343
13835,2,0,0
13836,1,0,0
13838,1,0,0
13839,2,1,0.5
13840,1,0,0
13842,1,0,0
13843,3,0,0
13844,1,0,0
13845,1,0,0
13847,3,0,0
13848,1,0,0
13850,2,0,0
13852,3,0,0
13853,2,0,0
13855,2,0,0
13856,1,0,0
13857,1,0,0
13858,2,0,0
13859,2,0,0
13860,2,0,0
13861,1,0,0
13862,2,1,0.5
13863,3,0,0
13864,2,1,0.5
13865,3,1,0.333333343
13866,2,1,0.5
13867,2,1,0.5
13868,3,0,0
13869,3,1,0.333333343
13870,3,0,0
13871,1,0,0
13872,2,0,0
13873,1,0,0
13874,2,0,0
13875,1,0,0
13876,2,0,0
13877,3,0,0
13878,2,0,0
13879,2,0,0
13881,2,0,0
13882,3,1,0.333333343
13883,3,0,0
13884,2,0,0
13886,1,0,0
13887,2,1,0.5
13890,2,0,0
13891,1,0,0
13893,1,0,0
13895,1,0,0
13897,2,1,0.5
13898,4,1,0.25
13899,2,0,0
13900,2,0,0
13901,1,0,0
13903,2,0,0
13905,4,1,0.25
13906,1,0,0
13907,2,0,0
13908,2,0,0
13909,1,1,1
13910,2,0,0
13911,1,0,0
13912,1,0,0
13913,1,0,0
13915,1,0,0
13916,3,0,0
13917,2,0,0
13919,3,0,0
13921,4,0,0
13922,1,1,1
13923,2,0,0
13924,1,0,0
13925,2,0,0
13926,3,0,0
13927,2,1,0.5
13928,2,0,0
13931,2,0,0
13932,2,0,0
13934,1,0,0
13935,1,0,0
13936,1,0,0
13937,1,0,0
13940,1,0,0
13941,2,0,0
13943,3,0,0
13944,3,1,0.333333343
13945,1,0,0
13946,5,1,0.200000003
13947,2,0,0
13948,1,1,1
13949,3,0,0
13951,3,0,0
13952,2,1,0.5
13953,1,0,0
13955,1,0,0
13956,1,0,0
13957,3,2,0.666666687
13958,1,0,0
13959,1,0,0
13961,1,0,0
13962,1,0,0
13963,1,0,0
13966,2,0,0
13967,2,0,0
13969,1,0,0
13970,1,0,0
13971,3,0,0
13973,2,2,1
13974,2,1,0.5
13975,1,0,0
13976,1,1,1
13977,2,0,0
13978,1,0,0
13980,1,0,0
13981,2,0,0
13982,1,0,0
13983,3,1,0.333333343
13985,3,0,0
13986,2,0,0
13987,1,0,0
13988,1,0,0
13990,3,1,0.333333343
13991,1,0,0
13992,1,0,0
13993,1,0,0
13994,2,0,0
13996,1,0,0
13997,2,0,0
13998,1,0,0
13999,2,1,0.5
14001,1,0,0
14004,1,0,0
14005,3,2,0.666666687
14006,2,0,0
14007,2,0,0
14008,3,0,0
14009,2,0,0
14010,3,0,0
14011,1,0,0
14012,1,0,0
14013,2,1,0.5
14014,1,0,0
14015,3,1,0.333333343
14016,1,0,0
14017,1,1,1
14019,3,0,0
14021,4,0,0
14022,1,0,0
14023,1,0,0
14025,1,0,0
14026,1,0,0
14028,2,0,0
14030,5,1,0.200000003
14033,2,0,0
14035,2,0,0
14036,2,0,0
14037,4,1,0.25
14038,2,1,0.5
14039,3,0,0
14043,1,0,0
14046,1,0,0
14047,1,0,0
14048,1,0,0
14049,2,0,0
14050,1,0,0
14051,1,0,0
14053,1,0,0
14055,1,0,0
14056,3,0,0
14057,1,0,0
14059,2,0,0
14062,2,0,0
14063,1,0,0
14064,3,0,0
14065,3,0,0
14066,1,0,0
14067,1,0,0
14068,2,0,0
14069,3,0,0
14071,2,0,0
14074,1,0,0
14075,3,0,0
14076,3,0,0
14077,1,0,0
14078,1,0,0
14080,1,0,0
14082,2,0,0
14084,1,1,1
14085,4,0,0
14086,2,1,0.5
14087,2,2,1
14088,1,0,0
14090,3,1,0.333333343
14092,3,1,0.333333343
14093,1,0,0
14094,4,1,0.25
14096,2,0,0
14098,1,1,1
14100,2,0,0
14101,2,1,0.5
14103,2,1,0.5
14104,1,0,0
14105,2,0,0
14106,1,0,0
14107,4,0,0
14108,1,0,0
14109,1,0,0
14110,1,0,0
14111,1,0,0
14112,1,0,0
14113,2,0,0
14115,1,0,0
14116,2,0,0
14117,2,0,0
14118,3,0,0
14119,2,0,0
14121,1,0,0
14122,1,0,0
14123,2,2,1
14125,1,0,0
14126,1,0,0
14127,2,0,0
14128,2,0,0
14129,2,1,0.5
14130,1,0,0
14131,1,0,0
14132,4,0,0
14133,3,0,0
14134,3,0,0
14135,1,1,1
14136,2,0,0
14137,1,0,0
14138,1,0,0
14139,2,0,0
14142,1,0,0
14143,2,0,0
14144,1,0,0
14146,1,0,0
14148,4,0,0
14149,2,1,0.5
14153,3,0,0
14154,3,0,0
14155,2,0,0
14156,2,1,0.5
14158,1,0,0
14159,4,1,0.25
14160,2,0,0
14161,3,0,0
14162,2,0,0
14163,1,0,0
14164,1,0,0
14165,1,1,1
14167,1,0,0
14169,1,0,0
14171,1,1,1
14172,1,0,0
14174,2,0,0
14176,2,0,0
14180,1,0,0
14181,3,2,0.666666687
14182,2,0,0
14183,3,0,0
14184,1,0,0
14185,2,0,0
14187,3,0,0
14188,1,0,0
14189,1,0,0
14190,2,1,0.5
14192,1,0,0
14193,3,2,0.666666687
14194,1,0,0
14195,1,0,0
14197,3,0,0
14199,1,0,0
14200,3,1,0.333333343
14201,1,0,0
14203,1,0,0
14204,1,0,0
14205,3,2,0.666666687
14206,1,0,0
14207,1,0,0
14208,2,1,0.5
14210,1,0,0
14211,2,1,0.5
14212,3,1,0.333333343
14214,1,0,0
14215,1,0,0
14216,1,0,0
14217,2,1,0.5
14218,1,0,0
14219,2,0,0
14220,1,1,1
14221,3,1,0.333333343
14222,1,0,0
14223,1,0,0
14224,2,0,0
14225,2,0,0
14226,1,0,0
14227,1,0,0
14228,1,0,0
14229,1,0,0
14230,1,0,0
14232,2,1,0.5
14233,1,0,0
14234,2,0,0
14235,1,1,1
14237,1,0,0
14240,4,0,0
14241,1,0,0
14242,1,0,0
14243,1,0,0
14244,1,0,0
14246,3,1,0.333333343
14247,5,1,0.200000003
14248,2,0,0
14250,1,0,0
14251,2,0,0
14253,1,0,0
14255,2,0,0
14256,1,0,0
14258,2,0,0
14259,2,1,0.5
14260,1,0,0
14262,2,0,0
14263,2,0,0
14264,2,0,0
14265,3,1,0.333333343
14266,2,2,1
14267,1,1,1
14269,1,0,0
14270,1,0,0
14271,3,1,0.333333343
14272,1,0,0
14274,1,0,0
14276,3,0,0
14277,1,0,0
14280,3,1,0.333333343
14281,2,0,0
14282,2,0,0
14284,1,0,0
14285,1,1,1
14286,3,0,0
14287,1,0,0
14288,2,0,0
14289,1,0,0
14291,2,0,0
14292,1,0,0
14293,1,0,0
14294,1,0,0
14295,4,1,0.25
14297,3,0,0
14298,1,0,0
14299,1,0,0
14300,4,0,0
14301,1,0,0
14302,1,1,1
14303,2,0,0
14306,2,1,0.5
14307,2,1,0.5
14309,1,0,0
14310,2,0,0
14313,1,1,1
14314,1,0,0
14316,2,0,0
14317,1,0,0
14318,2,0,0
14319,3,0,0
14320,4,2,0.5
14322,2,1,0.5
14324,2,1,0.5
14325,2,0,0
14326,1,0,0
14327,3,1,0.333333343
14329,4,0,0
14330,2,0,0
14331,1,0,0
14332,2,0,0
14334,1,0,0
14336,2,0,0
14338,3,0,0
14339,4,0,0
14341,2,2,1
14342,1,0,0
14343,2,0,0
14344,2,0,0
14346,1,0,0
14347,2,0,0
14351,3,0,0
14352,1,0,0
14353,4,0,0
14354,1,0,0
14355,2,1,0.5
14356,1,1,1
14357,2,1,0.5
14358,1,0,0
14359,1,0,0
14360,3,0,0
14361,2,0,0
14362,4,1,0.25
14363,2,0,0
14364,1,1,1
14365,1,0,0
14366,1,0,0
14368,1,0,0
14369,2,0,0
14370,2,1,0.5
14371,1,0,0
14372,2,1,0.5
14373,3,0,0
14374,2,0,0
14375,2,1,0.5
14376,3,0,0
14377,1,0,0
14379,3,1,0.333333343
14381,2,0,0
14383,2,0,0
14384,5,0,0
14388,1,0,0
14389,2,0,0
14391,1,1,1
14392,2,0,0
14394,1,0,0
14398,3,1,0.333333343
14399,1,1,1
14401,2,0,0
14403,2,0,0
14404,1,0,0
14405,2,0,0
14406,2,0,0
14407,1,0,0
14408,2,1,0.5
14409,3,0,0
14410,3,0,0
14411,1,0,0
14412,1,0,0
14415,3,0,0
14416,1,1,1
14419,3,0,0
14420,1,1,1
14422,2,0,0
14424,3,1,0.333333343
14425,1,0,0
14426,1,0,0
14427,4,1,0.25
14428,1,0,0
14429,1,0,0
14430,1,0,0
14431,4,0,0
14432,1,1,1
14433,1,0,0
14435,2,0,0
14436,3,1,0.333333343
14438,2,0,0
14440,1,1,1
14441,3,0,0
14442,1,0,0
14444,1,0,0
14445,1,0,0
14446,5,0,0
14447,1,0,0
14448,1,0,0
14449,1,1,1
14450,2,0,0
14452,3,1,0.333333343
14453,3,0,0
14454,2,0,0
14455,3,2,0.666666687
14456,2,0,0
14458,2,0,0
14459,3,0,0
14460,1,0,0
14462,3,0,0
14464,1,0,0
14465,1,0,0
14466,2,1,0.5
14468,1,0,0
14469,1,0,0
14471,1,0,0
14472,1,0,0
14473,1,0,0
14476,2,0,0
14477,1,0,0
14478,3,0,0
14480,1,0,0
14481,2,0,0
14483,1,1,1
14485,2,0,0
14487,1,0,0
14488,1,0,0
14489,1,1,1
14490,1,0,0
14491,2,0,0
14493,3,0,0
14494,2,0,0
14495,2,0,0
14496,3,1,0.333333343
14498,1,0,0
14500,1,0,0
14502,3,0,0
14505,3,1,0.333333343
14506,2,0,0
14508,3,0,0
14509,2,0,0
14510,2,0,0
14511,2,0,0
14512,1,0,0
14513,2,0,0
14515,2,1,0.5
14516,1,1,1
14517,2,0,0
14518,2,1,0.5
14519,2,0,0
14522,3,0,0
14524,1,1,1
14525,2,0,0
14527,2,1,0.5
14528,3,0,0
14529,1,0,0
14531,2,1,0.5
14533,1,0,0
14534,3,0,0
14536,1,0,0
14537,1,0,0
14538,2,0,0
14539,2,0,0
14540,2,0,0
14543,1,0,0
14545,2,0,0
14546,1,0,0
14550,4,1,0.25
14554,1,1,1
14555,1,1,1
14557,1,1,1
14558,3,0,0
14559,1,0,0
14560,2,0,0
14562,1,0,0
14563,1,1,1
14564,2,0,0
14565,2,0,0
14566,1,0,0
14567,2,0,0
14568,1,0,0
14569,2,0,0
14572,1,1,1
14573,1,0,0
14574,3,0,0
14575,1,0,0
14576,4,1,0.25
14577,3,0,0
14578,1,0,0
14579,1,0,0
14580,7,2,0.285714298
14581,1,0,0
14582,2,1,0.5
14584,2,1,0.5
14588,1,0,0
14590,1,0,0
14591,1,0,0
14592,2,0,0
14594,1,0,0
14595,3,0,0
14597,2,1,0.5
14598,1,0,0
14599,2,0,0
14600,1,1,1
14603,2,0,0
14604,5,0,0
14605,1,0,0
14606,2,1,0.5
14609,1,0,0
14610,1,0,0
14612,1,1,1
14613,2,0,0
14615,2,0,0
14616,1,0,0
14617,1,0,0
14618,1,0,0
14619,2,0,0
14620,1,0,0
14621,1,0,0
14622,2,1,0.5
14623,1,0,0
14624,1,0,0
14625,1,0,0
14627,1,0,0
14629,1,0,0
14630,2,1,0.5
14637,2,0,0
14639,1,0,0
14640,3,0,0
14641,1,0,0
14642,3,0,0
14643,3,0,0
14644,2,0,0
14645,1,0,0
14646,1,0,0
14647,2,1,0.5
14648,2,0,0
14652,2,0,0
14653,3,0,0
14654,3,0,0
14656,3,0,0
14657,1,0,0
14658,2,0,0
14659,5,1,0.200000003
14660,1,0,0
14661,1,0,0
14663,3,0,0
14664,2,0,0
14665,2,0,0
14667,1,0,0
14670,2,0,0
14673,2,0,0
14674,1,0,0
14675,1,0,0
14677,1,0,0
14678,2,0,0
14679,1,0,0
14680,2,0,0
14681,3,1,0.333333343
14682,1,0,0
14684,3,0,0
14685,2,1,0.5
14686,2,0,0
14687,4,3,0.75
14688,1,0,0
14690,1,0,0
14691,1,0,0
14692,2,0,0
14695,2,0,0
14696,2,1,0.5
14698,1,0,0
14699,1,0,0
14702,2,0,0
14703,1,0,0
14704,2,0,0
14705,2,1,0.5
14706,2,0,0
14707,1,0,0
14708,4,1,0.25
14709,3,0,0
14710,3,1,0.333333343
14713,3,0,0
14714,1,0,0
14715,2,0,0
14716,2,0,0
14717,2,0,0
14718,1,1,1
14720,3,0,0
14723,1,0,0
14724,2,0,0
14725,3,0,0
14726,2,0,0
14729,2,0,0
14732,1,0,0
14733,1,0,0
14735,1,0,0
14736,1,0,0
14737,2,0,0
14738,2,0,0
14740,1,0,0
14741,2,0,0
14743,3,1,0.333333343
14744,1,0,0
14746,1,0,0
14747,1,0,0
14748,1,0,0
14749,1,0,0
14755,1,0,0
14757,3,0,0
14758,2,0,0
14760,1,0,0
14761,1,0,0
14762,1,0,0
14764,2,0,0
14765,4,3,0.75
14766,1,0,0
14767,2,0,0
14769,2,0,0
14770,1,0,0
14771,3,1,0.333333343
14773,1,0,0
14774,3,0,0
14775,1,0,0
14776,2,1,0.5
14777,1,0,0
14778,4,1,0.25
14779,2,1,0.5
14780,1,0,0
14785,5,0,0
14787,1,0,0
14788,2,0,0
14790,2,1,0.5
14791,2,0,0
14792,1,1,1
14794,2,0,0
14795,1,1,1
14796,2,0,0
14797,3,1,0.333333343
14800,2,1,0.5
14804,1,0,0
14805,1,1,1
14807,2,0,0
14809,2,0,0
14810,2,0,0
14811,1,0,0
14813,1,1,1
14814,3,3,1
14815,3,0,0
14816,1,0,0
14817,2,1,0.5
14819,1,0,0
14820,3,1,0.333333343
14821,2,0,0
14823,3,0,0
14825,1,0,0
14827,3,1,0.333333343
14828,2,0,0
14829,2,1,0.5
14831,1,0,0
14832,2,0,0
14833,2,0,0
14837,1,0,0
14838,1,1,1
14840,3,0,0
14841,2,0,0
14842,1,1,1
14843,3,1,0.333333343
14845,1,0,0
14847,1,0,0
14848,1,0,0
14849,1,0,0
14850,1,0,0
14853,2,0,0
14854,3,1,0.333333343
14855,2,0,0
14856,1,0,0
14857,1,0,0
14858,3,1,0.333333343
14859,2,0,0
14860,2,0,0
14861,3,0,0
14862,1,0,0
14863,2,0,0
14864,2,1,0.5
14865,2,0,0
14866,2,0,0
14867,2,0,0
14868,1,0,0
14870,3,1,0.333333343
14871,1,0,0
14873,2,0,0
14874,1,0,0
14875,1,0,0
14877,1,0,0
14878,2,0,0
14880,3,0,0
14882,3,0,0
14884,1,0,0
14886,1,0,0
14887,1,0,0
14889,1,0,0
14892,1,0,0
14893,1,0,0
14894,1,0,0
14895,1,1,1
14896,1,0,0
14897,2,0,0
14898,2,0,0
14899,1,1,1
14900,2,0,0
14901,4,1,0.25
14902,2,0,0
14904,2,0,0
14905,1,0,0
14907,1,1,1
14908,2,0,0
14909,1,0,0
14911,4,0,0
14912,2,0,0
14914,3,0,0
14916,2,0,0
14917,1,0,0
14918,3,0,0
14919,2,0,0
14921,2,0,0
14922,1,0,0
14923,2,0,0
14924,2,1,0.5
14925,3,2,0.666666687
14927,1,0,0
14928,1,0,0
14929,3,0,0
14930,3,0,0
14936,2,0,0
14937,1,0,0
14938,1,1,1
14939,1,0,0
14941,5,2,0.400000006
14942,2,0,0
14944,4,1,0.25
14946,1,0,0
14947,3,0,0
14949,1,1,1
14952,1,0,0
14954,1,0,0
14956,2,0,0
14957,3,1,0.333333343
14958,1,1,1
14959,1,0,0
14960,1,0,0
14961,1,1,1
14963,4,0,0
14965,1,0,0
14966,4,0,0
14967,1,0,0
14968,1,0,0
14969,2,1,0.5
14970,1,0,0
14971,1,0,0
14972,1,0,0
14973,2,1,0.5
14974,2,0,0
14976,1,0,0
14978,1,0,0
14980,2,1,0.5
14981,2,1,0.5
14983,2,0,0
14988,1,1,1
14989,1,0,0
14990,1,0,0
14991,1,0,0
14993,1,1,1
14994,1,0,0
14995,1,0,0
14996,1,0,0
14997,1,0,0
14998,3,0,0
15000,3,2,0.666666687
15002,3,1,0.333333343
15003,1,0,0
15004,1,0,0
15008,2,1,0.5
15009,4,1,0.25
15011,1,0,0
15012,1,0,0
15013,1,0,0
15014,2,1,0.5
15015,1,0,0
15016,3,0,0
15017,1,1,1
15018,2,0,0
15020,2,1,0.5
15021,1,0,0
15022,1,0,0
15024,2,0,0
15025,2,0,0
15026,1,0,0
15028,1,1,1
15029,1,0,0
15030,2,0,0
15031,1,0,0
15032,2,1,0.5
15034,1,0,0
15036,2,1,0.5
15039,3,0,0
15044,5,2,0.400000006
15045,1,0,0
15046,2,0,0
15048,2,0,0
15049,2,0,0
15052,2,1,0.5
15054,1,0,0
15055,1,0,0
15057,1,1,1
15059,2,1,0.5
15060,1,1,1
15061,2,1,0.5
15063,1,0,0
15064,3,1,0.333333343
15065,2,0,0
15066,1,0,0
15068,1,0,0
15069,1,0,0
15070,1,0,0
15071,2,1,0.5
15072,2,0,0
15074,3,0,0
15075,1,0,0
15076,1,0,0
15077,1,0,0
15078,3,0,0
15079,1,0,0
15080,2,0,0
15081,2,0,0
15082,2,0,0
15083,3,1,0.333333343
15084,2,1,0.5
15085,2,0,0
15086,2,0,0
15087,3,2,0.666666687
15089,1,0,0
15090,2,1,0.5
15092,3,0,0
15093,3,0,0
15094,3,1,0.333333343
15096,1,0,0
15101,1,0,0
15102,3,0,0
15103,1,0,0
15104,2,0,0
15105,1,0,0
15106,1,0,0
15107,1,0,0
15108,2,0,0
15110,1,0,0
15111,1,0,0
15112,4,1,0.25
15114,1,0,0
15116,1,0,0
15117,1,0,0
15118,2,0,0
15119,1,0,0
15120,1,0,0
15123,1,0,0
15125,2,1,0.5
15127,1,0,0
15128,1,0,0
15129,2,0,0
15130,3,0,0
15131,1,0,0
15133,1,0,0
15134,2,0,0
15135,3,0,0
15138,1,0,0
15139,3,1,0.333333343
15140,1,1,1
15142,1,0,0
15144,2,0,0
15145,1,1,1
15146,3,0,0
15149,2,0,0
15150,2,1,0.5
15151,1,0,0
15153,3,0,0
15155,3,0,0
15158,1,0,0
15159,1,0,0
15160,1,0,0
15161,3,0,0
15162,3,0,0
15163,1,0,0
15164,2,0,0
15165,1,0,0
15166,1,0,0
15168,2,0,0
15169,1,0,0
15171,2,0,0
15172,4,0,0
15173,1,1,1
15175,2,0,0
15176,1,0,0
15177,1,1,1
15178,3,0,0
15179,2,1,0.5
15180,3,1,0.333333343
15181,1,0,0
15182,3,1,0.333333343
15183,1,0,0
15184,3,0,0
15185,2,0,0
15186,1,0,0
15187,3,1,0.333333343
15188,1,0,0
15190,1,1,1
15191,4,0,0
15192,2,0,0
15193,4,0,0
15194,2,1,0.5
15195,3,1,0.333333343
15196,1,0,0
15197,3,1,0.333333343
15198,3,1,0.333333343
15199,4,1,0.25
15200,1,0,0
15201,1,1,1
15203,1,0,0
15204,2,1,0.5
15205,2,0,0
15206,2,0,0
15208,2,0,0
15210,1,0,0
15211,1,0,0
15212,1,0,0
15213,1,0,0
15214,1,0,0
15215,2,0,0
15216,2,1,0.5
15218,1,0,0
15219,1,0,0
15221,2,0,0
15225,2,0,0
15226,1,1,1
15227,3,1,0.333333343
15229,1,0,0
15230,2,0,0
15231,1,0,0
15234,2,0,0
15235,1,0,0
15237,1,0,0
15238,3,1,0.333333343
15240,2,1,0.5
15241,1,0,0
15242,1,0,0
15243,2,2,1
15246,1,0,0
15247,2,1,0.5
15250,2,0,0
15251,3,0,0
15253,2,0,0
15254,3,1,0.333333343
15255,1,0,0
15256,1,0,0
15258,1,0,0
15259,1,0,0
15260,1,0,0
15261,1,1,1
15264,3,0,0
15266,1,0,0
15267,1,0,0
15268,2,0,0
15270,1,1,1
15271,2,1,0.5
15273,2,1,0.5
15274,4,2,0.5
15275,1,0,0
15276,1,0,0
15277,1,0,0
15279,1,0,0
15280,1,0,0
15282,1,0,0
15283,2,0,0
15284,2,0,0
15287,1,1,1
15288,2,0,0
15290,4,0,0
15291,3,0,0
15292,1,1,1
15293,1,1,1
15294,1,1,1
15295,1,1,1
15296,1,0,0
15298,3,0,0
15299,3,1,0.333333343
15302,3,0,0
15305,1,0,0
15307,2,0,0
15308,3,1,0.333333343
15309,1,0,0
15310,2,0,0
15312,1,0,0
15315,2,1,0.5
15317,1,0,0
15318,1,1,1
15319,1,0,0
15320,2,0,0
15321,2,1,0.5
15323,2,1,0.5
15326,1,0,0
15327,2,1,0.5
15328,1,0,0
15331,2,0,0
15333,1,0,0
15338,1,0,0
15339,2,0,0
15341,1,0,0
15342,1,0,0
15344,2,0,0
15347,2,0,0
15348,1,0,0
15349,3,0,0
15351,5,1,0.200000003
15354,2,0,0
15355,3,0,0
15356,1,0,0
15357,2,1,0.5
15358,2,0,0
15359,2,1,0.5
15360,1,0,0
15361,2,1,0.5
15362,1,0,0
15363,1,0,0
15364,1,0,0
15366,1,1,1
15367,1,0,0
15368,2,1,0.5
15369,1,1,1
15370,2,0,0
15371,2,0,0
15372,1,1,1
15373,1,0,0
15375,3,0,0
15376,1,0,0
15377,5,1,0.200000003
15383,2,1,0.5
15386,1,0,0
15387,1,0,0
15388,2,1,0.5
15389,2,1,0.5
15391,1,0,0
15392,1,0,0
15395,2,0,0
15396,2,0,0
15397,2,0,0
15398,4,1,0.25
15399,3,0,0
15400,2,1,0.5
15401,2,0,0
15402,1,0,0
15403,3,2,0.666666687
15408,2,0,0
15410,1,0,0
15411,1,0,0
15412,1,0,0
15414,3,1,0.333333343
15415,1,1,1
15416,2,0,0
15417,2,0,0
15418,1,1,1
15419,2,0,0
15420,1,0,0
15423,1,0,0
15424,1,0,0
15425,2,1,0.5
15426,1,0,0
15427,2,0,0
15428,1,0,0
15429,2,1,0.5
15430,1,0,0
15431,2,0,0
15432,3,1,0.333333343
15434,2,0,0
15437,2,0,0
15438,1,0,0
15440,4,0,0
15441,1,0,0
15442,1,1,1
15444,1,0,0
15446,1,1,1
15447,2,0,0
15449,3,1,0.333333343
15450,1,0,0
15451,1,0,0
15453,1,0,0
15457,1,0,0
15458,2,1,0.5
15459,1,0,0
15460,1,0,0
15461,1,1,1
15462,1,0,0
15463,1,1,1
15464,1,0,0
15466,2,0,0
15469,1,0,0
15470,1,0,0
15472,2,0,0
15473,2,1,0.5
15474,1,0,0
15475,1,0,0
15477,1,0,0
15478,1,0,0
15479,1,0,0
15482,4,0,0
15483,3,1,0.333333343
15484,1,0,0
15486,7,1,0.142857149
15487,2,1,0.5
15488,2,0,0
15490,1,0,0
15491,1,0,0
15492,1,0,0
15493,2,1,0.5
15494,2,0,0
15495,1,0,0
15496,4,1,0.25
15499,1,0,0
15500,2,0,0
15502,2,0,0
15504,1,1,1
15507,2,1,0.5
15508,2,1,0.5
15509,1,0,0
15510,3,0,0
15511,1,0,0
15513,1,0,0
15514,2,0,0
15515,1,1,1
15516,1,0,0
15517,3,0,0
15518,1,0,0
15520,3,0,0
15521,1,0,0
15522,1,0,0
15523,2,1,0.5
15526,3,1,0.333333343
15527,3,0,0
15528,3,2,0.666666687
15529,1,0,0
15530,5,0,0
15532,2,0,0
15533,2,0,0
15534,2,0,0
15537,1,0,0
15539,2,1,0.5
15541,1,0,0
15542,1,0,0
15544,2,1,0.5
15545,3,0,0
15546,1,0,0
15547,1,0,0
15548,3,0,0
15549,3,1,0.333333343
15551,1,1,1
15552,2,0,0
15553,1,0,0
15554,1,0,0
15556,2,1,0.5
15557,1,0,0
15558,1,0,0
15559,1,0,0
15560,2,0,0
15561,1,0,0
15562,2,0,0
15566,2,0,0
15567,3,0,0
15568,2,1,0.5
15569,1,0,0
15574,1,0,0
15577,2,0,0
15578,1,1,1
15579,1,0,0
15581,4,0,0
15582,2,1,0.5
15583,1,0,0
15585,1,0,0
15586,1,0,0
15587,2,0,0
15588,3,0,0
15589,3,1,0.333333343
15593,1,0,0
15594,2,1,0.5
15596,2,0,0
15597,1,0,0
15599,2,2,1
15600,1,0,0
15601,3,0,0
15603,5,3,0.600000024
15604,1,0,0
15605,2,0,0
15606,4,0,0
15607,1,0,0
15608,1,0,0
15609,1,0,0
15612,1,0,0
15614,2,0,0
15615,2,0,0
15616,5,0,0
15617,2,1,0.5
15618,3,1,0.333333343
15620,1,0,0
15621,1,0,0
15622,3,1,0.333333343
15623,2,1,0.5
15624,2,0,0
15627,2,0,0
15630,1,0,0
15631,3,0,0
15633,4,1,0.25
15635,3,0,0
15637,1,1,1
15638,1,0,0
15639,1,0,0
15640,1,0,0
15641,1,0,0
15642,3,0,0
15643,1,0,0
15644,1,0,0
15646,1,0,0
15647,1,0,0
15648,2,0,0
15649,2,1,0.5
15650,1,0,0
15652,1,0,0
15655,1,1,1
15656,3,1,0.333333343
15657,1,0,0
15658,3,0,0
15660,4,3,0.75
15662,2,1,0.5
15665,2,1,0.5
15666,1,0,0
15667,1,0,0
15668,1,0,0
15669,2,1,0.5
15670,3,0,0
15671,2,0,0
15672,1,0,0
15673,1,0,0
15674,2,0,0
15676,4,1,0.25
15677,1,0,0
15678,3,0,0
15679,4,0,0
15680,1,0,0
15684,2,0,0
15685,1,0,0
15687,1,0,0
15688,3,0,0
15689,1,0,0
15690,1,0,0
15691,2,0,0
15692,1,1,1
15693,3,0,0
15694,1,0,0
15695,3,0,0
15696,1,1,1
15697,2,0,0
15698,1,0,0
15699,1,0,0
15701,1,0,0
15702,1,0,0
15704,1,1,1
15705,1,0,0
15706,2,0,0
15708,2,0,0
15710,2,0,0
15712,1,0,0
15714,1,0,0
15715,4,1,0.25
15717,2,1,0.5
15718,2,0,0
15721,1,0,0
15723,1,0,0
15724,2,0,0
15725,1,1,1
15726,2,0,0
15728,2,1,0.5
15729,1,0,0
15730,1,0,0
15734,2,1,0.5
15735,1,0,0
15736,1,0,0
15738,2,0,0
15739,3,0,0
15740,1,0,0
15744,1,0,0
15745,1,1,1
15746,2,1,0.5
15747,2,1,0.5
15749,1,0,0
15750,6,2,0.333333343
15751,1,0,0
15752,2,0,0
15753,1,0,0
15754,1,0,0
15755,1,1,1
15756,1,0,0
15758,2,0,0
15759,1,0,0
15760,3,1,0.333333343
15761,5,2,0.400000006
15762,2,0,0
15764,1,0,0
15765,1,0,0
15768,3,0,0
15769,1,0,0
15771,1,1,1
15772,4,0,0
15773,1,0,0
15774,3,0,0
15775,1,0,0
15776,2,0,0
15777,2,0,0
15781,2,0,0
15782,3,0,0
15785,1,1,1
15786,3,0,0
15787,2,1,0.5
15788,1,0,0
15789,1,0,0
15790,1,0,0
15791,1,0,0
15793,1,0,0
15795,3,0,0
15796,2,1,0.5
15797,2,0,0
15799,2,0,0
15800,1,0,0
15801,2,0,0
15802,2,0,0
15804,1,0,0
15806,1,0,0
15807,1,0,0
15808,1,0,0
15809,2,0,0
15810,2,0,0
15811,3,2,0.666666687
15812,1,0,0
15815,1,0,0
15817,1,0,0
15818,5,0,0
15819,1,0,0
15821,2,0,0
15823,2,1,0.5
15825,4,0,0
15826,1,1,1
15827,1,0,0
15828,1,0,0
15829,1,0,0
15830,1,0,0
15831,3,0,0
15832,1,0,0
15833,1,0,0
15835,2,1,0.5
15838,1,0,0
15841,2,0,0
15842,1,0,0
15843,1,0,0
15846,1,0,0
15848,1,0,0
15850,1,0,0
15851,1,1,1
15852,1,0,0
15853,1,0,0
15855,1,0,0
15860,1,0,0
15863,1,0,0
15864,1,0,0
15866,2,0,0
15868,1,0,0
15869,2,0,0
15871,1,0,0
15873,1,0,0
15874,1,1,1
15875,1,1,1
15876,2,0,0
15877,1,0,0
15879,1,0,0
15880,1,0,0
15882,3,0,0
15883,1,0,0
15884,1,0,0
15885,3,0,0
15886,1,0,0
15887,1,0,0
15888,1,0,0
15889,1,0,0
15892,5,1,0.200000003
15893,1,0,0
15894,2,0,0
15895,3,0,0
15896,3,0,0
15898,2,1,0.5
15899,2,0,0
15900,1,1,1
15902,2,0,0
15903,2,0,0
15904,1,1,1
15907,3,0,0
15908,2,1,0.5
15910,1,0,0
15911,1,0,0
15912,2,0,0
15914,1,0,0
15915,1,0,0
15917,1,1,1
15918,1,0,0
15919,2,0,0
15921,1,0,0
15923,2,1,0.5
15924,2,0,0
15925,2,0,0
15926,4,1,0.25
15927,2,1,0.5
15929,2,0,0
15930,2,1,0.5
15931,1,1,1
15934,3,0,0
15935,1,0,0
15936,1,0,0
15937,1,1,1
15938,1,1,1
15939,3,1,0.333333343
15941,3,0,0
15942,1,0,0
15944,3,1,0.333333343
15945,1,0,0
15946,2,1,0.5
15947,1,0,0
15948,2,0,0
15949,2,1,0.5
15950,2,0,0
15951,1,0,0
15953,1,0,0
15954,1,0,0
15955,2,1,0.5
15956,1,0,0
15957,1,0,0
15958,1,0,0
15959,2,0,0
15960,1,0,0
15962,1,0,0
15963,1,0,0
15966,1,0,0
15968,1,0,0
15969,3,0,0
15970,1,0,0
15972,2,0,0
15973,1,0,0
15974,2,0,0
15975,3,1,0.333333343
15976,1,0,0
15978,2,1,0.5
15979,1,1,1
15980,1,0,0
15982,1,1,1
15983,2,0,0
15984,1,0,0
15986,1,1,1
15987,1,0,0
15988,2,0,0
15989,1,0,0
15990,1,0,0
15991,5,0,0
15992,1,0,0
15996,1,0,0
15997,1,0,0
15998,1,0,0
15999,2,1,0.5
16000,1,0,0
16001,1,0,0
16002,1,1,1
16003,1,1,1
16004,2,0,0
16005,2,1,0.5
16006,2,0,0
16007,2,0,0
16008,1,0,0
16009,2,0,0
16010,1,0,0
16011,2,0,0
16012,2,0,0
16013,1,0,0
16014,1,1,1
16015,1,0,0
16016,4,1,0.25
16017,1,0,0
16018,2,0,0
16020,1,0,0
16021,1,0,0
16022,2,0,0
16023,2,0,0
16024,5,1,0.200000003
16025,3,1,0.333333343
16027,2,1,0.5
16028,1,1,1
16031,2,0,0
16032,1,0,0
16033,1,0,0
16035,1,1,1
16037,2,0,0
16038,1,0,0
16040,2,0,0
16043,2,0,0
16044,3,0,0
16047,1,0,0
16049,1,0,0
16050,4,0,0
16051,3,1,0.333333343
16053,2,0,0
16054,1,1,1
16057,2,0,0
16058,1,0,0
16059,4,1,0.25
16060,1,0,0
16061,1,0,0
16065,1,0,0
16066,1,0,0
16068,4,1,0.25
16070,2,2,1
16072,2,0,0
16074,1,1,1
16075,3,0,0
16076,1,0,0
16077,1,0,0
16078,1,0,0
16079,1,0,0
16080,2,0,0
16081,2,1,0.5
16082,1,1,1
16083,1,0,0
16084,1,0,0
16085,2,1,0.5
16087,1,0,0
16088,5,2,0.400000006
16089,1,0,0
16090,2,0,0
16091,5,0,0
16093,3,0,0
16095,2,0,0
16096,4,1,0.25
16097,1,1,1
16098,2,0,0
16101,2,0,0
16102,1,0,0
16104,4,1,0.25
16105,1,0,0
16108,2,1,0.5
16109,2,0,0
16110,1,0,0
16111,1,0,0
16112,2,0,0
16113,2,2,1
16114,1,0,0
16115,1,0,0
16118,1,0,0
16119,1,0,0
16120,1,0,0
16121,1,0,0
16122,1,0,0
16123,2,0,0
16124,4,0,0
16125,2,0,0
16126,2,0,0
16130,3,1,0.333333343
16131,2,0,0
16132,1,1,1
16133,2,0,0
16136,2,0,0
16138,1,0,0
16139,2,0,0
16141,3,1,0.333333343
16142,1,0,0
16143,1,1,1
16146,3,0,0
16147,2,1,0.5
16149,2,0,0
16152,3,0,0
16154,3,0,0
16156,3,0,0
16157,1,0,0
16158,3,0,0
16159,1,0,0
16162,1,0,0
16163,1,0,0
16164,1,0,0
16165,1,0,0
16166,1,0,0
16168,1,0,0
16169,1,0,0
16170,1,0,0
16171,1,1,1
16172,1,0,0
16173,2,0,0
16175,2,1,0.5
16176,1,0,0
16177,1,0,0
16178,2,0,0
16179,1,0,0
16180,2,0,0
16181,2,0,0
16182,1,0,0
16185,1,0,0
16186,2,1,0.5
16187,1,1,1
16188,1,0,0
16189,1,0,0
16190,2,0,0
16191,1,0,0
16192,1,0,0
16193,1,0,0
16195,1,1,1
16197,3,0,0
16198,2,0,0
16199,1,0,0
16201,1,0,0
16202,1,0,0
16203,2,0,0
16204,3,0,0
16205,1,0,0
16206,1,0,0
16210,2,0,0
16211,1,0,0
16212,2,2,1
16215,2,0,0
16216,1,0,0
16218,1,0,0
16219,1,0,0
16220,1,0,0
16222,1,0,0
16223,1,0,0
16224,2,0,0
16225,2,0,0
16226,3,0,0
16228,2,1,0.5
16229,1,0,0
16230,1,0,0
16233,1,1,1
16234,2,0,0
16235,1,0,0
16236,1,1,1
16237,2,1,0.5
16239,4,2,0.5
16240,1,0,0
16241,1,0,0
16242,1,0,0
16244,1,0,0
16245,1,0,0
16246,2,1,0.5
16247,1,0,0
16249,2,1,0.5
16250,2,0,0
16251,1,0,0
16252,1,0,0
16253,1,0,0
16257,1,0,0
16258,2,2,1
16261,3,1,0.333333343
16262,2,0,0
16263,2,0,0
16265,3,1,0.333333343
16266,1,1,1
16267,1,0,0
16268,1,0,0
16270,1,0,0
16271,2,0,0
16272,1,1,1
16273,2,0,0
16276,1,0,0
16279,1,0,0
16280,2,2,1
16281,1,0,0
16282,1,0,0
16283,1,1,1
16284,2,2,1
16286,1,0,0
16289,1,0,0
16290,2,1,0.5
16291,2,0,0
16292,2,0,0
16294,2,0,0
16295,1,0,0
16296,1,0,0
16297,2,0,0
16302,2,0,0
16303,2,0,0
16304,1,0,0
16305,1,0,0
16306,1,0,0
16307,1,0,0
16308,3,0,0
16309,4,0,0
16310,3,0,0
16311,1,0,0
16313,1,0,0
16314,1,0,0
16315,1,0,0
16316,1,0,0
16318,1,0,0
16320,2,1,0.5
16321,2,0,0
16322,2,0,0
16323,1,0,0
16325,2,0,0
16326,2,0,0
16327,3,2,0.666666687
16328,1,0,0
16329,1,0,0
16330,1,0,0
16331,2,2,1
16334,1,0,0
16335,1,0,0
16338,2,0,0
16339,1,0,0
16340,2,0,0
16344,2,0,0
16346,1,0,0
16348,1,0,0
16351,1,1,1
16352,1,0,0
16353,2,1,0.5
16354,3,1,0.333333343
16355,1,1,1
16356,6,0,0
16357,1,1,1
16358,3,0,0
16359,2,0,0
16361,1,0,0
16362,2,0,0
16363,1,0,0
16365,1,0,0
16367,2,0,0
16368,1,0,0
16370,1,0,0
16372,1,1,1
16373,1,0,0
16374,2,0,0
16375,1,0,0
16378,2,0,0
16379,4,0,0
16380,1,0,0
16381,1,1,1
